39985,68,-93,11,-9,51,35,-7,41450,-509,-227,-58,-34,-28,-16,-19,29829,4288,1935,-478,-12,198,40,13,26602,57,-62,-94,-65,-23,-39,-28,30202,-1036,-230,-100,5,-59,-9,-6,32853,-86,-63,-27,11,61,-5,1,33401,-167,-56,3,-46,-12,-32,-45,33433,-56,-90,67,-6,44,-25,29,32837,22,85,-8,0,17,13,-9,33163,-172,-156,59,90,-12,21,-14,32897,239,58,-6,-9,63,15,-10,32314,37,-126,77,-96,24,-52,-16,29785,-169,1152,-403,200,-115,74,-9,39342,-738,-469,-292,-172,-68,-17,-8,39811,322,38,-12,-20,-16,-32,-16,39759,-548,557,-409,276,-47,-12,9,45752,2737,-2663,-408,-108,202,-112,-58,30464,-187,266,341,259,148,66,41,31075,327,-598,314,-147,38,-27,9,20943,2210,620,150,-71,72,-102,44
-56,153,5,10,-32,28,10,15,-37,-532,33,149,-1,23,-35,26,262,28,59,47,10,15,39,13,150,-42,-6,57,7,27,-5,-11,145,-10,0,-7,-23,-26,15,6,160,34,-9,10,-3,7,1,-7,185,-33,-22,7,8,-29,-22,-18,193,-27,78,-51,-27,-11,13,31,441,80,51,-72,-16,-32,-1,1,250,73,-22,-22,12,0,14,-10,109,-8,-1,30,62,21,-5,19,61,85,-42,3,-1,-1,-26,-13,408,-625,369,32,-100,53,-27,-3,118,514,280,-43,-6,-12,24,25,-293,-24,43,22,-18,4,-17,1,813,-725,520,-386,160,-47,-40,-2,-2010,3799,664,-938,183,-79,21,-55,-79,-195,-423,-378,-294,-221,-98,-62,499,-537,608,-391,149,-57,-10,6,5300,294,-318,-77,-250,161,-85,55
218,16,30,-46,5,11,7,-7,-10,85,160,-6,14,3,-8,-11,168,80,73,12,-60,1,-7,26,107,-26,18,16,10,3,2,11,21,-6,-20,0,3,-4,12,4,-53,70,14,-26,18,15,-5,6,-4,40,-12,-16,3,-26,3,14,26,-25,-46,22,5,-18,11,2,-221,-36,27,28,-30,-13,21,-2,-145,0,51,-35,2,-18,-7,4,28,11,70,53,53,-7,-19,9,-24,21,19,-5,-23,1,23,12,275,-253,83,96,-149,29,48,25,-218,76,88,5,-56,17,3,12,-173,-88,5,-7,16,-11,-13,8,629,-367,234,-186,12,78,-72,32,-757,-796,1438,-506,306,302,-10,-43,440,466,444,351,251,128,59,35,-669,671,-506,235,-54,-24,2,-25,975,-1973,-298,18,-150,134,-128,21
3,34,-45,1,-13,6,23,9,-28,36,-37,-35,-41,4,10,2,107,0,-41,-65,-30,23,-2,13,73,-14,18,43,-11,-14,-6,1,14,4,19,-34,-2,4,-9,-5,78,15,13,-6,12,15,8,-2,13,11,10,-13,-11,15,-1,0,59,-22,-8,-3,-22,-1,2,6,146,22,6,19,2,-6,-4,5,135,-23,0,29,-11,3,11,-25,64,9,1,6,24,5,21,11,32,14,-23,-31,-24,22,4,11,51,52,-53,68,-79,-41,20,10,74,-20,-31,21,-29,-51,-21,4,39,28,6,-2,8,-1,-30,-11,75,-70,35,38,-80,108,-114,45,107,-210,-113,-34,-664,277,-16,7,-281,-358,-312,-221,-130,-78,-39,-8,606,-546,323,-162,3,73,-44,10,239,-859,930,417,-43,135,-87,54
87,-21,26,15,9,-21,-5,9,50,34,-24,-18,3,15,-4,0,90,-40,-27,-10,-8,2,19,0,64,18,-38,-25,-46,-2,-13,-13,11,-13,17,-5,-32,-32,1,-4,22,-7,0,-27,11,3,-9,-7,39,6,3,-8,-4,-22,7,-2,56,-15,49,-9,-28,2,5,-14,73,18,8,-10,15,-7,-13,-9,73,2,-36,23,11,-18,-3,-5,59,-14,14,-9,25,29,30,-8,50,-12,6,-1,11,-3,-16,7,2,21,-39,10,77,-19,17,-12,-3,-29,22,42,25,7,18,-1,81,28,22,21,-10,-15,18,9,22,40,-60,89,-80,44,-50,12,-108,60,13,282,-112,-169,63,-130,197,214,217,123,51,-5,-21,-31,-299,299,-177,-28,103,-93,34,-21,391,-39,645,-195,-230,13,-49,-3
1,-2,-10,4,-8,3,0,5,22,20,-33,-15,14,15,-9,-18,-64,7,46,-9,-7,-5,14,0,29,8,-41,-9,1,7,2,2,12,-23,33,-1,12,18,11,12,-21,-3,-5,15,15,-8,9,11,-31,-8,18,-2,-3,-11,-9,-8,10,8,-29,-3,-14,-11,12,10,-51,-1,-33,13,-1,-15,2,7,2,12,22,-21,-15,-4,-7,-3,3,4,-16,-4,10,5,-14,-12,-18,-5,20,37,-7,-4,-15,-18,9,-4,3,-50,10,3,-25,20,49,-20,-1,-23,11,13,-3,5,-11,15,12,11,19,-1,-16,-10,-62,34,-31,34,-4,0,0,-20,182,-31,-58,-16,146,-45,130,5,-115,-134,-126,-51,-13,8,39,23,75,-143,24,83,-125,109,-57,25,-53,-132,-8,-463,-42,87,-5,-18
4,-29,-5,-2,8,1,10,21,-9,-13,-4,11,2,5,-5,-10,52,3,-23,0,-19,31,-1,7,1,8,6,-5,-2,-14,-19,2,-22,0,16,12,-2,0,-9,14,-9,16,-13,-12,-8,3,9,-11,-24,-8,-9,19,-2,-6,-1,-1,-24,15,23,-25,2,-2,-7,-6,-31,-3,17,-1,-19,9,-8,-6,4,11,5,20,-15,1,0,-9,3,-3,-19,-3,-3,5,5,-13,-27,-14,15,11,9,-7,-20,-5,-51,12,-12,6,-19,0,-28,-1,-17,-10,11,-9,-14,3,-5,-1,19,9,3,-11,3,34,-10,6,-30,8,-3,-2,20,-27,42,-12,-41,0,-26,41,7,-38,-50,33,31,90,47,1,-22,-24,-56,-16,-35,7,14,-102,100,-61,27,-22,1,93,-80,-46,302,61,12,4
12,-11,0,-1,0,-6,-10,-8,-14,7,12,7,17,-2,-7,-3,-6,22,-1,-16,7,11,8,16,-11,-21,-13,-12,2,22,8,7,31,16,12,-7,-5,5,7,-1,19,-7,6,-12,5,6,20,9,-5,5,17,-9,10,-18,2,-8,5,5,-16,2,1,14,-3,7,-5,-12,-11,-1,6,-5,-1,-14,-8,-2,-3,2,-4,6,10,4,20,-6,25,-26,-16,6,9,19,11,-6,-6,-9,7,20,4,4,-13,11,2,-30,-8,-6,-2,0,6,-3,-5,-15,1,4,8,-6,24,-11,-6,9,-4,9,9,10,10,20,-5,-11,10,-18,13,-12,16,12,-55,-12,6,11,-31,12,-3,-27,-20,7,4,18,24,22,-1,1,-26,45,-67,38,-19,4,-104,65,-39,52,71,-114,-60,7
39791,1426,-965,272,-96,-15,33,-44,40017,-1153,-733,-321,8,-69,-36,-43,28865,4657,2084,-683,-93,212,36,11,25852,-195,23,-88,-40,-53,-17,-10,29662,-854,-222,-134,16,-61,-49,-33,31897,-138,-59,25,-9,20,-16,-8,32766,-91,33,102,-96,-162,-155,-174,33496,-603,-98,-9,84,81,15,18,37417,-1242,85,-44,-40,50,-30,-11,40211,-15,-109,22,-23,-56,-71,10,36310,1741,-111,130,-88,100,-37,2,31385,-1,-109,53,-34,44,-11,15,28801,543,345,-193,284,-137,73,-12,36556,-1205,-557,-438,-144,-83,-54,-56,38612,174,-115,28,-3,-32,26,-9,37588,392,-114,-16,-26,6,13,-5,39954,-2970,1215,-92,53,-162,79,-70,40041,8287,-1788,-374,92,-512,-14,-11,15617,2053,393,-85,64,90,-2,31,12668,421,13,-85,-91,-26,-12,-12
1200,-1341,573,2,31,71,-35,14,474,741,520,211,93,61,31,28,209,-253,2,56,5,-20,-2,1,261,158,-22,24,0,0,13,-3,136,-29,-10,-17,1,-26,-5,25,100,23,-16,-50,12,-15,3,0,-67,-27,7,-114,1,127,177,121,-344,336,72,144,-16,-90,-14,2,-2394,448,25,110,-49,30,44,-25,-4465,276,51,70,32,-1,39,-2,-3284,-1240,402,-51,51,-34,21,-14,606,59,56,11,-16,-24,-7,-2,437,27,-6,10,25,-1,7,-8,344,-230,66,71,-6,4,8,11,649,-5,121,-37,-14,24,5,-4,767,91,12,27,5,-16,13,4,2611,-1657,447,343,-169,7,-10,46,-1126,-1061,3691,381,-443,273,-83,20,2534,1924,308,-302,53,2,-3,0,257,119,-20,-40,45,-38,-39,15
-599,501,35,-132,-27,-41,21,-21,218,151,-30,-104,-125,-33,-5,-12,-98,54,2,-18,19,17,-6,2,-180,-41,20,19,26,10,-15,6,-229,-14,-23,6,7,15,4,-5,-134,52,-58,9,-2,-14,-11,10,-65,132,-7,48,-3,-136,-151,-111,-430,228,-11,-118,42,7,-6,30,-1636,340,19,14,12,-61,-65,18,-1042,-536,89,-117,-3,-13,7,14,1993,148,-695,71,-73,8,-15,-7,-390,-154,-37,-28,5,20,8,-2,-104,-13,25,-35,27,4,13,-5,253,-26,-98,32,21,4,-9,13,-113,-14,-70,62,14,-13,3,-2,124,-133,-42,-8,-11,4,-8,-9,541,9,-586,620,-128,-51,-27,37,-2362,-319,46,287,248,-404,-27,16,1382,761,-696,-439,-83,-70,-22,-45,28,-130,-90,17,-102,-7,-33,1
210,-212,-48,-86,26,102,-18,11,0,-23,-29,-44,-18,23,14,-14,72,-28,17,12,-10,13,11,-16,25,-20,16,-10,-2,-1,-25,0,125,13,2,-20,-31,-39,12,-3,93,-9,-21,20,-1,-34,-9,-11,194,-179,-94,-22,11,139,87,58,440,-135,-93,34,23,30,33,-22,313,118,-59,-35,41,4,39,5,874,-568,62,54,35,-1,-14,-2,-443,892,555,-178,71,-34,-3,-12,154,77,-6,13,-3,-29,-24,-7,11,-28,-1,-25,-3,-3,-5,0,52,17,8,9,9,1,-12,7,70,32,-20,-58,-11,29,-11,-11,-22,-8,10,33,-5,-28,1,5,-59,170,-290,50,263,-233,67,0,930,-350,-643,1309,115,-239,8,-112,278,-284,-743,-275,95,42,-21,32,-20,-123,-62,-47,93,8,48,-8
-153,95,3,13,83,-67,7,1,-3,15,16,8,61,37,12,-16,25,0,-54,20,21,19,11,-1,28,-2,-13,-2,-12,-3,0,-8,-6,-3,15,31,27,-40,6,-7,87,15,-19,36,-10,5,-8,10,-248,191,141,-33,-4,-102,-98,-13,67,-92,64,72,-60,-11,-1,-22,704,-235,-34,-56,-8,74,-30,-16,890,275,-225,75,-24,52,-7,28,-77,-746,56,345,-62,28,4,14,-96,-51,18,-10,27,21,44,31,-9,34,-7,-7,-14,-19,9,-6,14,28,-12,3,-2,12,-2,8,19,-38,22,27,-30,-15,6,-1,14,-5,25,20,25,6,4,4,200,-73,3,-144,189,-23,-91,53,-522,-220,272,-650,469,437,-385,106,-26,-248,-381,97,261,113,38,15,-68,-3,16,73,-72,20,-12,15
18,-26,-31,4,-36,-3,5,8,24,15,-12,-13,-4,-24,-17,-18,79,10,-40,5,-7,-6,-18,10,6,11,-18,-31,-16,4,-13,-6,21,-7,22,30,3,28,-14,-5,16,-20,0,-33,-18,-4,-17,-4,249,-90,-180,6,17,51,46,14,-167,22,77,-27,23,-38,8,30,314,-127,-12,91,-34,-61,-25,9,-7,510,-135,-42,-29,-60,8,-9,-71,154,-480,-213,116,-46,36,2,59,-5,-12,-7,-12,-9,-9,-15,-41,17,27,-27,-22,8,-12,9,-27,-22,-1,-20,13,-12,-9,0,44,2,5,-21,10,-11,6,17,32,-3,1,2,3,10,0,22,35,41,-69,17,1,111,-96,24,259,-164,-158,195,52,-109,207,-250,108,-73,-15,271,278,20,-58,19,52,-35,61,-108,-30,-6,20,29
-58,13,-11,-11,19,-11,12,3,4,8,-5,-5,-3,-9,1,2,-6,-3,30,-7,-11,-9,5,-9,-6,-18,-15,-12,10,-5,3,23,9,-3,12,4,-4,-2,6,0,9,-1,1,-16,2,15,1,2,-96,-43,190,39,-38,-30,-30,-27,55,63,-58,-8,29,-17,46,2,-171,-109,104,34,-23,-23,36,-22,-345,29,168,-60,5,4,15,9,202,42,347,-130,-202,35,-17,13,-10,7,-4,25,23,13,8,5,9,-12,5,14,-1,15,-6,1,14,-2,-17,12,-7,-9,-4,-10,0,-8,27,-2,9,-5,1,-12,-31,-1,-12,11,10,9,17,-4,16,4,-11,-40,33,24,19,-53,-264,40,57,-50,-23,194,9,-17,113,3,2,149,88,-134,-63,-12,-6,24,-41,64,37,19,-39,11
-2,-12,-17,12,-22,0,6,-3,-7,7,-3,5,19,-7,-1,5,3,-7,-13,13,1,6,-9,5,26,15,-12,2,-13,-20,-14,5,22,14,-23,-4,-4,8,9,3,29,-7,13,8,-12,-12,2,-2,23,68,-114,-9,8,-3,19,4,-46,8,-75,44,-2,14,-48,-6,-90,-10,-24,-27,-68,0,5,21,-183,-323,197,17,26,25,-24,-10,-76,30,-84,235,172,-50,-7,-1,2,4,-20,-29,-24,-17,-23,7,-11,16,4,19,5,0,-5,13,0,-2,-3,-4,5,5,5,-9,22,2,-9,-1,-6,-5,1,-7,-19,2,-13,0,-17,-16,6,-8,8,0,-9,-13,8,6,7,-25,53,-57,-66,41,17,-40,-18,50,18,-3,-20,12,-50,-88,-73,-7,-16,-61,-13,-3,5,-14,-22,20
27285,3457,929,-70,391,-137,185,-108,39374,-2411,-1669,-583,-324,-202,-112,-64,27825,4834,2209,-754,2,259,-16,-12,25293,-246,-68,-91,-48,-54,-24,-27,28654,-787,-159,-131,90,-79,-14,-4,30647,171,-99,-166,11,4,101,34,29579,-395,72,39,121,-30,34,20,33147,-945,-29,-18,-6,38,-25,16,37239,-1548,539,-216,70,-67,11,-58,46570,-1374,-157,-173,-34,-133,-9,-70,50761,-390,9,-178,-57,10,51,-10,45637,3380,-1092,685,132,-67,-150,3,26591,1293,1305,-23,264,-152,216,-12,37413,-1235,-1135,-544,-268,-107,-77,-79,28587,996,3578,-88,-353,-78,131,-4,36477,-15,-322,-252,-37,-5,-47,-27,34417,2145,-1575,533,-68,-37,-99,-10,15851,2592,1033,85,61,146,133,-8,13097,-280,318,-166,101,-116,2,29,25186,-3639,234,-855,185,-264,122,-192
2596,1746,-85,-412,-24,-99,-5,-12,108,69,-61,-24,35,22,2,7,-30,87,1,-49,-63,35,17,3,-2,20,-31,-19,-14,-5,-20,-11,-49,50,22,-41,-20,5,-7,-29,507,-476,121,38,112,-67,1,-47,86,-7,231,144,117,46,17,2,-258,87,1,-12,-44,87,-14,-7,306,-346,-136,21,-32,51,-21,-15,-43,517,52,-52,-46,5,-33,-39,-536,-163,-30,-44,39,-4,-9,18,-5523,1923,391,-32,424,-109,-32,14,-363,-1284,-1042,-131,76,-35,-100,-29,-90,123,-9,62,-25,-18,-25,-1,3635,-1490,-1244,509,46,56,-69,-14,180,189,173,126,71,71,17,-6,2248,-2065,1192,-242,-139,84,4,-12,2654,2293,893,-252,-109,100,81,12,-276,192,-122,66,-76,44,-30,15,-6046,555,710,-111,374,-58,139,23
370,-160,-828,-206,170,-10,3,25,-108,-25,-26,-14,20,8,-3,10,-3,44,-1,-23,6,23,9,5,3,32,28,-47,-7,9,-39,4,-26,-9,-36,16,6,12,-3,10,-25,-60,171,-169,4,-20,75,23,162,114,191,28,71,9,41,-11,335,99,-41,-46,28,-38,-35,22,100,-20,18,68,2,-27,-58,-15,239,-493,-135,36,-10,88,9,63,-332,184,109,-7,21,-10,-10,5,-1895,-1245,1927,-408,211,92,-28,-11,1499,1485,848,89,-158,-33,38,14,-66,54,4,11,1,-28,0,2,173,653,-747,-167,171,-52,11,20,-261,-190,-218,-142,-43,-6,22,-22,-1254,984,-261,-414,443,-197,28,15,1726,1283,-398,-851,-380,-33,40,-29,239,-75,91,-50,-11,-19,-68,-6,-268,1496,-507,-115,156,-95,-12,-13
144,-57,-102,321,212,-81,-39,12,-14,-8,1,-24,22,-29,-5,-7,32,-39,1,19,13,10,0,12,-1,-6,-59,8,5,-3,13,-1,-2,-5,21,5,10,21,-3,-23,-165,178,-183,43,134,-28,-52,-16,118,155,-34,28,16,62,-61,-9,-36,-96,-64,-42,-90,-21,13,12,249,-16,-5,-50,-34,-41,-3,0,-412,50,359,83,25,-6,-5,-34,433,214,-72,-51,-22,31,-22,29,-458,-1322,726,739,-567,409,-38,-37,-1138,-1065,-457,181,279,117,17,14,-91,32,-14,-2,-3,25,-2,16,131,43,220,-209,-206,48,-13,14,126,116,101,35,-18,-43,-10,8,176,-52,-405,642,-450,78,55,-43,715,115,-706,-719,-318,82,-3,28,-63,-22,-104,-228,25,33,-4,21,-457,293,-1042,851,153,-224,80,24
87,-13,-18,73,-122,-155,5,15,2,-16,-1,-17,9,-2,-7,5,-9,4,-45,8,29,-6,3,14,2,-40,-36,-34,-26,-8,12,16,11,13,6,-17,-24,11,-16,-25,-74,128,-156,193,-192,47,12,49,216,-111,-30,12,5,-14,-47,17,-85,-16,-43,2,31,67,22,18,-71,-142,-18,40,-46,25,26,33,50,225,-328,-178,0,-68,14,-11,129,-264,-128,27,-8,10,5,15,-685,-160,-464,881,-102,15,237,-69,738,577,7,-428,-376,-169,-25,-22,-110,-7,14,-19,5,20,9,-9,-127,116,-18,89,-18,-84,35,-35,-88,-78,-45,35,25,-7,-19,-7,-40,-109,325,-345,75,155,-179,91,270,-148,-572,-532,-40,240,180,60,-29,-37,-68,39,219,18,15,-9,140,51,33,777,-580,-29,-23,-16
31,-11,-59,9,-36,51,46,-6,-5,0,11,18,-15,-2,-6,-9,4,-10,28,-8,2,-6,-8,2,1,8,39,-14,-5,2,-10,6,17,2,-13,-5,8,37,0,-3,-10,33,-50,41,-81,104,-90,3,0,31,-39,-20,36,-16,-49,-22,-67,14,42,-58,-8,-4,-9,6,74,-56,85,-34,4,-14,7,-25,73,-161,114,301,67,55,-13,16,-79,-214,5,19,77,-1,19,18,67,-126,-292,-17,511,-228,232,13,-316,-175,209,405,313,99,42,8,-18,-6,35,6,7,26,1,-5,122,-71,45,16,18,-10,-39,-6,19,13,26,13,14,21,13,4,84,-23,-85,56,116,-211,160,-53,235,65,-320,-194,158,352,140,4,-63,20,-122,127,-104,-112,-34,0,-16,-82,44,-156,-382,231,7,24
32,3,-29,28,-34,32,4,-36,-2,6,5,3,2,-6,5,-5,-15,27,-7,-2,-1,8,-4,16,1,-2,13,-8,9,8,3,14,-2,11,13,-11,14,2,-13,6,-45,25,15,1,-11,32,-39,50,-28,-12,-51,78,11,-23,-56,-6,13,22,5,-35,-4,14,32,-5,-2,-2,-70,-27,31,-5,-19,-4,47,104,189,-300,-140,15,1,-35,-34,11,122,5,21,21,-10,-3,361,-102,-297,-182,304,101,-74,148,123,3,-171,-289,-191,-21,2,-1,11,-13,8,-20,10,-6,7,-6,-33,79,-53,-29,52,8,11,-1,-18,-35,2,20,-3,-16,0,5,-91,50,16,-18,-72,76,-17,-18,346,138,-69,-79,183,154,0,-41,16,-44,-40,-8,-26,-5,80,-1,19,-2,28,30,-9,203,-24,-47
9,-34,-27,30,-18,1,18,-16,17,5,4,-6,-1,-2,1,-5,36,10,-32,11,-12,5,0,-6,9,-5,9,16,-4,-11,-5,-16,-3,9,-22,8,3,-5,8,2,15,-9,-35,9,-13,5,10,-16,-42,-24,21,25,-7,-71,-18,2,1,-4,-13,-54,41,49,-27,-20,81,-39,7,6,28,-12,-5,-40,-120,44,-131,124,160,-26,24,22,44,149,116,-97,-70,-52,-12,-19,105,61,-188,-61,43,168,-139,99,-29,-12,97,146,82,14,-22,-8,-14,-4,10,-3,-9,11,-5,3,16,-62,6,1,8,-17,13,3,5,1,8,8,-4,1,-2,9,-1,-18,0,21,-10,16,-31,24,49,0,-150,-70,27,29,0,-42,-9,-27,2,5,9,24,-12,-29,-14,11,33,-43,27,24,-113,41
23511,81,-193,-42,56,-87,110,-26,38858,-2664,-1630,-591,-313,-237,-134,-50,27805,5191,2156,-717,28,168,27,-31,25074,-360,-152,-117,-6,-61,-11,-17,29916,-2228,1379,-1375,952,-470,69,15,29520,1857,2302,1440,788,231,-107,-86,30758,-912,-26,-130,22,-148,71,1,34139,-735,332,-10,-46,-36,20,-2,40950,-2073,181,5,-62,-59,-64,-62,47260,-297,-105,-158,-12,-38,-61,21,49792,-579,-183,7,-12,-58,-29,-23,51257,-115,190,-228,-71,25,9,-36,46736,4965,-2462,187,118,7,92,-204,37711,-1040,-739,-233,-220,-97,-116,-85,26555,2353,3155,-134,-54,-48,203,26,44541,-3456,-1989,-767,-240,-74,-28,-27,24947,10163,5188,-14,-1809,-1262,-118,352,12918,111,-2,71,25,40,3,-1,26261,-5503,-123,-565,-122,-59,35,-34,39692,-468,-171,22,36,-28,24,0
-429,-22,32,-76,17,-37,30,17,-46,139,38,-7,-24,0,2,6,7,-100,-36,-1,52,19,-34,29,-99,-15,17,-9,58,7,-13,5,-1171,1116,-1090,819,-451,75,132,-126,500,222,8,-245,-408,-345,-327,-178,-213,-140,125,18,13,33,51,-42,48,681,-357,-110,-133,80,36,12,-2042,-584,294,23,130,-22,4,62,718,-45,95,-103,-112,-52,-62,1,737,75,-21,-31,40,57,27,0,787,-96,-98,189,5,-78,38,24,-3456,3172,-701,-822,591,-86,123,-140,-671,-774,-517,-447,-153,-56,56,10,-5577,3490,48,-197,-203,-30,35,-10,-5954,-1551,-1040,-121,-102,-63,1,-8,-1455,-1242,-1226,-177,885,665,-113,-420,387,-3,45,-211,46,-30,-25,21,-4850,-91,1699,311,248,66,41,0,-258,-497,-78,101,20,19,3,14
350,-51,-17,-70,-9,10,-15,-2,82,-20,40,17,-8,6,-12,3,218,-72,16,14,-1,-39,0,24,215,44,-52,37,0,-2,-3,-39,412,-206,37,102,-334,431,-398,232,-454,-427,-447,-544,-457,-358,-212,-89,-221,77,95,-54,-46,-25,-21,8,799,-645,108,234,-53,39,-54,26,-1039,183,518,-1,110,16,-19,25,-23,313,-145,-83,-25,-38,52,-3,-38,-147,-127,-42,-42,-38,-25,-6,-254,132,99,-118,32,75,58,-4,-953,56,1559,-1730,541,217,-181,26,830,930,635,436,185,49,-27,0,3259,-1310,-1113,335,72,67,-42,-14,-1830,1124,554,237,116,-20,10,-10,225,-147,-1153,-966,-126,408,363,176,-197,42,-164,47,-12,-2,10,31,40,1164,372,-1093,-337,-100,-4,-13,-272,-201,146,208,71,15,12,1
-27,-115,-36,-6,5,-3,-6,15,16,-32,-16,41,2,30,0,11,-193,7,-7,-11,7,-49,20,4,-14,23,-10,-27,-2,11,-19,25,148,-242,162,-212,234,-245,189,-102,-118,-149,-192,-155,-115,12,11,58,-89,173,-89,-33,76,-37,-19,20,-225,4,345,-518,78,68,84,-10,-8,1003,297,-224,-31,21,-24,-6,249,-70,-201,6,-56,-36,-40,-27,-66,-56,39,-17,21,33,-15,-1,259,-66,-133,45,40,-104,17,8,-78,-372,926,-402,-592,795,-373,92,-544,-684,-446,-236,1,65,75,-4,-1090,-599,1627,-188,-90,-105,21,33,970,1319,591,95,-14,-73,-93,-40,881,474,-600,-828,-358,105,174,154,-41,-143,166,-123,30,-6,-39,23,-488,98,-773,-463,727,140,106,28,60,40,199,141,9,-16,-24,-12
-57,-8,-25,-9,-8,-3,14,-5,-37,1,-7,-8,-6,2,0,-11,-46,9,10,-16,7,14,4,5,-85,20,-4,-18,-20,19,-8,1,5,-82,76,-53,19,-33,7,-27,-17,-190,-23,-106,-48,64,91,88,-23,-141,53,85,-60,-23,-18,2,-271,202,-655,195,155,-70,-11,-31,61,354,-510,-331,-60,-23,46,-16,-91,-62,-26,-71,7,-43,32,8,-119,91,156,-29,-56,-6,43,-6,2,75,137,-109,-14,62,1,-10,-530,210,71,243,-540,336,100,-151,298,365,152,2,-108,-137,-103,-39,104,906,-762,-572,365,-88,92,-48,1242,402,398,-318,-214,-160,-81,-14,343,192,35,166,283,-37,-323,-237,36,64,-59,11,61,-122,-22,-28,-31,282,-172,516,281,-315,-53,-30,36,98,87,16,-102,-61,-26,-18
-17,8,17,-4,-3,8,-2,-5,-4,-12,-10,-10,-2,5,-20,1,47,-29,-9,-18,17,-4,-6,3,-20,-32,23,-19,13,2,-14,-13,-54,45,-4,1,10,-14,23,-4,-3,56,13,14,161,162,165,98,81,-22,146,-125,40,10,25,17,184,-50,192,164,-207,70,13,22,-71,-64,-492,113,119,-36,74,49,126,0,72,-6,-176,-40,-27,-6,8,-26,-114,13,43,-34,48,-26,85,-87,-123,41,-7,-8,32,-11,-48,-101,151,-57,-58,-197,357,-218,-78,-69,80,118,175,150,115,56,-123,-379,-116,899,-230,-28,-32,12,355,-296,-471,-592,-154,22,28,23,84,-15,20,257,289,108,-166,-120,-9,-20,-63,12,-52,-66,0,17,-144,-23,-170,99,-112,-62,81,46,-3,17,9,-76,-103,-53,-1,-1
-11,30,9,11,20,-8,0,3,-1,-28,8,-2,-4,-23,-9,-11,-18,3,-12,16,8,-4,11,-14,63,-3,-3,27,12,9,11,8,67,-5,-29,49,-40,19,-14,26,-32,-44,1,59,-24,137,41,27,-62,-2,-117,-4,27,35,-7,6,-2,-40,2,-146,208,12,-68,-40,-58,15,-91,200,223,-86,-21,27,-10,-23,100,5,118,-6,8,-11,27,-9,75,83,56,4,9,4,-15,-73,102,6,-64,-7,-12,-20,46,-50,88,43,-95,-39,122,-48,-3,-27,-83,-148,-138,-108,-74,-40,306,-93,504,-715,-72,223,-89,61,-27,-509,-372,260,296,251,103,36,-45,-45,-39,99,199,59,-12,-43,35,32,10,-37,28,8,55,-24,16,92,12,100,50,61,57,-26,-44,-21,-28,-32,-63,-5,1,-1
28,-16,-20,-1,9,4,-18,2,3,6,5,21,-2,-7,-9,-19,-4,4,5,-7,3,-8,1,1,35,-9,7,12,23,-3,4,-10,10,25,24,5,17,-6,-1,4,34,63,30,-48,51,-33,31,17,28,22,27,2,-18,-6,-12,-7,-16,-28,-54,61,-97,13,62,13,39,26,77,96,5,-35,-36,-4,-53,-41,-3,-77,-93,52,-6,22,21,-20,69,-56,15,-29,19,-18,-39,9,7,53,24,-13,-5,25,-14,-40,-47,98,-86,1,16,1,26,47,83,82,82,57,46,10,-147,50,-253,239,254,-277,104,-52,227,8,254,631,278,-26,-101,-79,45,4,1,41,13,20,46,57,-37,15,-60,13,17,24,-4,30,-52,7,-24,-23,-65,-6,1,-50,-15,-6,-15,-10,-26,-1,13,8
24947,-25,114,-97,67,-61,68,-26,39954,-3009,-1523,-555,-291,-186,-99,-39,28956,5522,2380,-784,-23,208,8,-14,25015,-100,-101,-126,-77,-52,14,-42,33024,-5947,3067,139,-2150,1582,-244,-414,31135,2880,543,414,425,-19,21,25,31369,-1068,-368,-178,16,-190,42,2,36048,-604,-121,-251,126,-37,40,39,40374,-1016,-302,-2,70,-104,-13,10,42478,-131,298,-20,-71,-69,-128,32,43891,-503,43,69,-37,85,9,62,45335,-73,-39,-28,-71,-89,18,-1,46581,-443,92,146,42,-91,-79,19,48173,-12,459,-312,-322,-137,163,17,51157,-251,51,46,-46,-23,-53,-22,47669,-459,1681,-305,19,202,-66,81,18955,5673,4354,2488,721,-234,-377,-149,22094,-5772,498,-176,312,47,162,-72,39807,-442,-202,-62,-91,-73,-45,-10,39771,162,16,4,30,-35,2,0
229,50,-68,20,-11,0,29,5,-153,-49,54,19,-19,3,-1,-6,-119,-29,45,49,1,13,-16,-17,93,-35,-81,-13,17,1,-24,-14,-222,426,95,-717,446,282,-764,589,-1733,-761,453,114,36,38,-25,-83,-766,25,210,42,56,41,30,21,292,-104,-168,9,-71,28,0,-31,1062,-82,-141,20,-77,-4,-35,-10,1316,-102,-129,-9,-66,-31,112,1,1403,-30,-3,93,11,50,-44,12,1632,-239,181,34,-42,-34,-18,-16,715,525,-52,45,39,53,-14,0,-1192,367,461,-222,-227,-111,98,50,-174,-6,2,15,26,-76,11,-39,3139,-43,-597,65,-52,-268,163,-106,3479,3076,1946,489,-657,-912,-630,-262,-4060,1248,1267,-417,-41,-132,85,-19,-320,-341,-100,75,-26,-61,-28,-1,-80,54,-1,-20,-16,-9,13,-6
22,-8,12,-15,21,-31,-22,-8,-60,105,80,13,-8,-10,5,1,1,-3,-29,-19,-27,10,4,4,27,-8,13,11,6,-3,-24,-11,-139,79,35,-160,264,-162,-100,181,-16,-132,-111,195,-40,-67,4,70,-46,535,-368,-5,19,44,-68,-53,-124,47,-330,-309,-19,-16,-41,-9,92,122,-144,-75,32,61,48,7,-598,67,247,-119,12,-68,-74,34,117,47,-13,-29,0,11,-9,20,-539,41,290,-13,-13,-73,4,-22,1126,-221,-170,-33,-128,19,38,-32,-828,578,423,-139,-49,-69,65,92,136,-123,-13,84,-176,3,-37,23,-629,-262,-292,-53,-168,373,-190,95,21,-359,-723,-1062,-965,-624,-126,87,-20,934,-997,-264,655,-160,2,-13,-181,-3,121,79,-40,-87,-28,-14,-82,28,-11,16,2,7,-6,-19
-106,27,-24,27,3,5,-13,-8,-84,37,-17,-20,-31,-27,-22,-6,-29,-68,-5,11,-12,0,21,7,73,22,-13,14,-19,-7,-4,-5,-154,218,-50,-138,179,-19,-85,72,-153,110,-123,-91,23,-32,-7,-46,16,-276,-142,259,-54,94,-60,-19,-139,-441,-475,184,130,78,-14,5,-43,-53,81,-52,-56,-46,-23,3,563,138,-46,-13,-78,-51,15,-43,-66,-48,156,-151,12,8,-12,-15,174,127,45,40,-79,19,-2,22,-67,-121,261,-80,4,-86,-1,3,-281,654,167,-49,11,-115,-26,58,-127,-206,105,-67,-48,-33,35,-2,-160,178,211,7,591,-191,99,-41,-95,34,-216,18,251,340,581,323,-509,194,-300,627,-14,-190,86,-30,40,14,30,-40,-129,-99,-48,-20,39,2,-4,20,15,-5,10,-8
22,-2,-19,-17,-12,4,7,7,-54,-25,-6,19,5,-8,-18,0,-40,10,-29,-14,3,29,-6,-23,-15,-11,-4,12,-22,-1,7,1,115,-55,-21,-13,49,-78,28,-1,143,56,-57,-1,-46,24,47,-31,67,-14,265,13,-76,-144,-41,-17,-15,-193,116,114,49,103,-29,7,-161,-61,-360,-80,205,6,47,-14,-150,86,192,-88,-10,-28,-74,15,104,47,83,-20,1,4,-3,-22,104,127,117,84,73,-141,-25,-21,126,215,-21,2,77,-31,49,9,-322,18,60,28,67,-159,-43,31,-62,30,117,90,-104,31,-10,10,-195,-8,54,239,-490,-30,-156,28,129,22,89,-7,-76,140,79,93,-172,177,93,-14,-314,209,32,-68,-40,-59,-40,-87,-112,-71,-32,-6,30,-12,-18,1,-6,-2,-17,-5
-27,23,18,1,12,22,3,15,-41,-18,-10,2,6,-2,-2,-1,-46,21,-19,-5,14,4,12,-16,-5,9,3,1,4,2,-10,2,-23,25,-18,4,30,-53,59,-37,-99,-119,57,-68,9,10,-49,35,53,-28,-136,-227,64,127,-47,18,-74,-87,-112,-114,-71,72,67,12,20,-59,-167,181,-44,5,-6,-19,307,-28,-153,-48,-49,-16,4,-63,166,-132,-10,-44,55,-20,0,30,150,-7,47,152,4,43,-30,34,-131,-123,-252,-104,85,117,26,19,-196,221,4,-14,29,-149,-62,-9,61,32,183,-37,-41,-61,6,-10,327,-129,-32,-123,56,42,262,15,-100,43,62,-52,-38,-139,-47,-26,-93,76,-24,55,-7,4,-72,27,-40,-29,-40,-57,-61,-38,18,-1,29,-11,14,-5,20,-2,-21,-7
39,-24,10,-20,-31,2,12,22,-3,21,-3,-1,-13,11,-13,4,-56,25,-16,-10,-2,-19,0,-12,-15,16,-20,2,-10,8,-6,9,11,-51,5,-27,5,0,16,4,15,89,-36,41,-8,-43,-46,5,110,10,56,57,278,-184,-22,-66,-69,-89,-13,-72,231,145,-9,46,68,-67,164,-48,-94,107,23,31,-196,4,-10,-245,140,123,-11,45,70,41,51,54,58,-21,-4,-47,153,71,72,-49,-45,45,38,1,85,15,66,223,-71,-37,-8,-14,-66,148,-328,5,102,-64,-31,-28,4,73,31,-32,-140,-5,-24,-5,-183,114,10,-2,102,129,-227,-28,21,6,-33,-35,-4,-2,-13,46,78,56,-78,20,38,11,-12,36,-23,-18,-24,-15,-23,-2,19,3,-13,-18,-14,-1,22,-2,-2,4
25,9,-12,-13,1,-20,-4,-13,-26,-1,0,9,1,2,-3,4,27,-7,-3,22,1,5,13,4,6,-6,-23,-22,5,15,8,0,-9,-11,-25,11,1,9,18,-6,-44,-47,90,4,8,23,50,24,29,76,-9,87,-123,-169,82,50,-16,42,33,62,54,-15,-148,-19,50,-39,140,-31,-39,-13,-91,-49,67,-69,-77,16,-16,85,39,16,-20,-32,-182,-64,48,-41,51,46,95,38,68,54,-53,-62,14,10,78,-66,118,-242,60,28,10,28,22,39,-158,205,164,1,4,-11,48,5,25,-73,-78,-39,10,-4,61,-38,-20,54,-50,-143,115,-32,-18,34,34,-14,-18,24,38,10,-42,-14,-18,49,46,-26,-37,-17,-7,9,-16,-6,-19,-12,-11,9,-14,-6,-4,-7,16,-10,-1,-2
26047,-104,347,-235,47,9,35,-18,40438,-2760,-1488,-516,-167,-163,-132,-49,29079,6026,2238,-1103,-43,234,-3,5,24761,-216,-124,-14,-54,-1,48,-45,31567,-5782,3791,-993,-727,671,107,-399,38374,4602,626,1090,143,-682,73,49,32028,-454,-23,-55,-91,-85,-40,-67,32163,518,-137,56,-265,282,-182,27,25289,2291,-181,502,-344,-3,154,-56,23737,-1236,-1063,-33,583,-51,-211,-44,25023,-1358,725,100,695,-695,-647,163,41351,-3587,-893,-107,256,34,-318,-287,48324,-371,-184,12,39,-62,14,-20,42601,1121,742,352,264,155,125,-112,39053,1250,-620,748,-288,129,24,-41,24098,2988,-858,1697,-536,226,99,47,14783,-2321,1257,-775,352,-111,62,-38,38175,-2333,-1249,-695,-398,-117,-85,-58,40283,318,21,23,-68,14,21,13,39247,212,-24,29,19,-4,-6,-2
-253,-241,27,-8,-18,-13,5,-4,92,2,22,24,-23,1,-4,-5,-71,-35,58,50,-21,-35,6,3,76,23,46,-1,0,4,9,-22,1562,-1287,185,1256,-1398,477,308,-438,-1030,-503,-8,249,-187,41,194,-48,247,-363,82,-42,29,98,15,9,1500,-857,302,132,86,-198,106,23,4842,-34,-86,-304,46,47,-113,56,3619,-178,-927,511,686,-11,24,-40,388,2399,-742,-145,-277,312,423,272,-3336,-2116,-308,128,464,169,-101,-157,548,204,-76,-69,-65,-17,45,34,6243,-816,-842,-513,-212,-204,-115,101,1658,1373,384,16,123,77,0,35,5206,-537,-1929,979,-708,129,-72,-16,-1830,1389,-1001,441,-266,-86,59,-58,-1753,-980,-447,-449,-295,-80,-1,-8,-204,-42,8,-3,0,2,-6,4,-1,-66,10,4,-1,-8,3,0
-99,59,-70,42,25,0,-11,-5,-84,-74,-45,-29,-21,7,17,6,-23,17,-6,-18,17,34,-32,2,-97,20,15,2,1,5,-28,15,-401,527,-599,230,233,-630,573,-289,543,134,-609,-424,556,-39,2,-35,94,189,472,24,-12,-3,-30,-50,-785,594,144,-267,112,14,73,-39,-597,-274,-70,76,-169,-85,103,-133,1221,55,510,88,-256,-117,-339,-99,4936,-1618,-284,133,-249,275,-154,-426,-122,939,577,382,223,190,66,18,-253,-173,-239,-95,5,15,-23,-30,-2729,-816,691,461,148,275,64,-60,4326,511,-1735,366,-510,-32,-110,-16,-1041,-3096,-381,1547,-328,523,-143,32,429,-587,168,-49,-421,359,-216,99,-642,-494,-448,-469,-97,162,126,72,34,3,29,-9,8,-10,8,-2,42,19,6,-4,4,-1,-5,-14
-19,27,20,29,43,-8,2,-8,-89,10,15,23,-28,-14,0,0,4,-24,-12,11,-7,-25,-6,19,-4,10,22,12,1,-15,-13,5,99,-193,288,-283,141,150,-350,290,-10,-141,-313,-21,-315,157,78,-94,212,263,121,-529,-141,65,33,2,589,-291,-62,387,-187,85,-33,27,-387,390,278,-47,51,47,-173,128,476,-103,-91,-1223,83,43,6,42,1609,-596,686,-17,176,-16,69,235,1117,1136,373,-96,29,120,116,85,-138,-90,-36,-76,-5,-8,25,-1,-64,1364,-66,-431,-110,-282,18,-26,2256,-2099,403,-183,133,41,-32,38,172,306,2690,1110,-547,424,-286,76,26,-243,188,-377,320,-152,-8,-20,-228,-180,-86,63,345,314,114,44,-20,-17,22,11,-7,2,-4,-6,18,-3,-40,18,11,-1,-5,0
-26,21,15,-23,-38,23,-9,8,-31,-29,-25,-18,17,34,8,4,8,-16,17,-6,-14,-15,16,-7,-43,13,30,-5,-26,3,15,25,-147,147,-155,141,-96,66,3,-29,42,-132,178,78,105,6,-181,130,-29,-4,-347,-68,271,64,-30,-24,-192,386,12,-3,-76,-138,8,-33,507,60,-52,-29,-452,-239,190,-59,-443,138,278,129,337,-331,-97,42,1287,423,193,-297,189,-218,-187,-99,960,654,237,-118,-126,59,129,144,-130,-5,-88,-17,23,5,-3,-11,473,-637,-639,219,111,187,-13,74,-2012,-679,30,456,-56,84,95,6,518,805,1104,-1212,-972,258,-277,149,25,-53,-170,143,-22,-43,76,-24,-77,-4,-19,101,153,53,-8,-14,11,-13,3,-6,27,-4,-2,9,30,14,3,-5,1,-7,-8,-7
11,-42,5,-32,-29,15,-5,-10,-6,-1,-21,-22,1,5,9,-2,13,-31,20,-2,8,10,11,-17,-4,8,30,23,0,-16,23,17,84,-108,118,-133,69,-44,31,-31,-206,139,-11,-133,47,-101,145,-85,59,82,52,76,42,18,-19,-25,236,-158,127,-238,-190,109,37,56,-106,-323,-250,-414,-15,277,35,18,129,125,713,-26,-568,-173,25,24,93,-18,-272,402,-229,-93,120,6,620,231,146,-443,-563,-126,58,131,-22,-97,-50,1,57,36,27,5,-128,-244,632,287,-118,-47,-33,-119,-45,-77,918,-252,25,120,-82,29,84,98,4,-714,375,525,-98,108,-77,37,-8,-110,0,29,-61,41,-67,-45,0,65,74,42,12,34,-22,21,5,0,0,-19,6,-1,8,-11,5,-13,-2,6,3,11
19,10,1,-13,4,2,-11,14,-18,6,1,-19,-3,-2,-8,-9,-19,3,-12,7,-6,-3,-3,4,-19,1,12,-15,-3,3,-4,14,-67,108,-97,50,-54,33,-49,9,-186,132,34,-29,-86,39,-22,62,64,15,62,4,160,11,-124,-73,38,-57,-12,-27,40,-43,-61,-6,-83,13,83,124,377,82,89,-89,-217,683,62,-293,38,241,-9,240,63,-160,372,-216,-355,237,-247,-20,83,-131,-155,-557,-199,242,160,129,-49,21,-23,38,23,-6,-11,-22,-36,330,-60,-597,3,46,-13,170,-133,717,-110,-60,-36,-90,31,-54,364,105,102,229,465,-64,-234,-6,-4,45,-55,10,-15,-32,-5,-1,-37,-16,1,13,24,3,-3,-25,10,14,-9,7,0,3,-5,1,21,-8,-21,-2,4,-6,-3,-5
10,4,16,9,-12,-23,-5,19,7,3,7,2,-5,-16,1,-8,11,-14,-10,-5,18,5,-5,4,-35,8,-9,19,-12,-15,16,-4,59,-25,12,-6,16,-14,1,-19,-42,39,-60,31,83,-4,-20,-49,4,4,15,38,69,-110,-23,16,-28,68,-39,-62,31,-26,-29,80,-130,138,26,-291,-96,209,-60,-47,116,188,-65,52,-16,-175,13,-76,-138,51,19,-389,100,-403,234,76,-59,-41,57,12,475,468,190,90,-26,-20,-1,9,38,4,15,-7,-115,-44,-222,422,121,-75,42,-131,145,-56,269,-247,-163,45,-85,23,97,-106,-115,-29,-84,-310,53,164,25,-32,-21,24,-4,-10,5,5,-2,-2,-8,10,28,-9,-5,-6,-16,18,-11,13,-8,13,-5,0,20,-11,6,-7,-14,-1,-4,0
25598,822,-200,59,-68,3,-9,-30,39731,-3555,-1794,-698,-302,-234,-133,-60,29504,6294,2026,-1165,45,317,-22,-48,25126,-264,-236,-97,-105,-37,15,3,27614,-211,-826,-18,-136,136,43,10,36703,2962,-2210,-3508,-1426,47,-288,-233,27404,1984,-33,18,-448,226,-204,41,17296,1180,410,-655,-282,-501,208,157,17304,-905,353,661,366,-516,-31,-75,23689,-4970,425,-23,177,225,-235,87,41323,-2706,-1106,625,321,188,281,142,44002,-876,204,-186,138,84,28,10,50193,-890,-54,-258,-60,18,-49,-41,29420,8558,3104,-510,239,-175,22,48,22562,6355,-195,-3241,-2071,-478,377,344,13676,606,-396,-240,-40,88,-26,47,26829,-6492,-1076,-62,-40,130,103,-32,40374,-137,-217,-160,-110,-62,-73,-54,40088,12,13,58,42,11,9,19,39315,343,-119,57,5,-13,-6,-16
224,26,28,-16,29,1,12,-8,64,99,42,-3,17,5,24,6,-254,89,27,-23,-11,19,-2,-13,-358,-8,37,-35,-3,3,-9,11,-849,291,-116,212,-9,-54,-98,-21,2517,1264,-425,-109,-130,-676,-675,-149,2861,-1626,-482,18,236,-39,151,-64,2655,750,754,-109,122,43,-41,-170,-1,304,26,674,-256,304,-79,206,-5844,1793,707,68,-45,153,-231,68,-1497,-1816,-1,-317,-701,-179,90,33,259,696,-136,122,42,17,-1,-7,-1063,-4,-59,-68,-3,3,-16,-3,-884,-2703,1190,820,381,57,-115,-5,1302,986,-240,513,870,225,-140,-210,-203,-179,-246,153,-41,-52,2,-10,-3228,28,989,925,58,-259,-27,-44,537,-207,-199,-197,-143,-84,-36,-28,807,100,-25,-49,-25,1,1,-17,244,112,28,-13,10,14,-2,-16
-10,-3,60,-12,19,-30,-2,3,67,12,3,7,18,12,-5,-2,20,-54,37,28,-49,20,-3,4,-4,-26,23,-10,-23,8,0,0,-106,67,76,1,-6,-65,30,30,119,-551,439,1129,860,120,-197,9,-867,163,558,57,-59,70,-126,110,1596,254,-178,211,126,24,-41,25,-942,432,-390,533,407,-659,626,-141,1898,1095,-674,-419,-78,153,-261,65,-927,-242,418,70,-24,-196,-116,-91,453,73,-85,186,-33,-33,8,-20,-429,-59,54,13,19,-10,-10,16,923,-831,-677,434,220,42,130,-24,810,-254,-1259,-361,498,350,48,-76,-82,-92,96,88,-201,27,33,33,166,411,340,-301,-908,11,151,-4,185,144,-80,-102,-75,-43,-50,-28,-527,40,85,18,9,0,-4,-3,-200,-87,11,-10,5,-20,4,-6
102,-38,37,-15,2,-29,-5,19,40,41,19,-10,-17,13,13,-4,2,16,-38,27,4,-10,-14,0,33,-3,-14,-5,-5,-5,-6,-5,92,28,-32,-175,25,46,98,-7,-106,254,118,10,-53,256,587,347,-34,614,-324,-376,134,-62,218,-46,422,113,-106,111,-389,-193,-7,29,206,-359,-134,-103,692,-422,97,153,270,-913,-531,302,244,152,-39,101,-8,-71,411,345,-175,-170,195,124,127,-26,254,185,-107,-10,12,-9,-41,-15,110,45,33,28,-4,-12,-60,-249,-133,33,279,-46,37,136,794,-15,-654,-30,37,-323,-211,-27,-26,-83,50,-159,34,21,46,-30,-224,-174,10,-278,123,554,-21,22,-493,-57,67,-54,-20,-21,-36,-13,182,-102,-33,-4,-14,-9,21,-3,62,70,42,6,0,18,9,-10
-12,-32,-19,-18,-12,26,7,14,14,23,5,4,-10,12,-14,0,-40,-4,-5,-22,-24,-6,19,12,14,-23,3,14,1,9,13,-5,-119,18,51,71,71,-34,-44,-71,-158,173,593,146,-140,-71,-138,-137,8,-279,190,196,77,61,-38,-46,-215,-100,-376,22,131,236,203,138,-288,428,249,-83,-32,102,-17,225,363,373,564,548,-34,-331,-120,-90,219,318,360,99,-120,157,84,-10,126,146,-32,-182,-66,-38,45,2,-48,81,104,37,37,2,-25,2,64,-244,-166,16,109,166,-142,129,521,-46,-438,105,177,-118,27,142,-74,-25,-22,29,-28,-14,-22,7,78,97,82,-33,67,-57,-147,12,109,-186,-109,-2,-26,16,3,-11,-43,137,-8,-3,37,-23,-13,-8,-34,-47,-18,-17,-8,-3,-2,-9
2,30,14,-11,25,-4,17,11,-18,-15,-6,17,-3,33,-8,3,45,-66,33,19,-15,-3,0,-4,29,30,-3,4,4,10,-8,1,-6,-27,76,-9,-38,-72,33,33,231,164,73,-119,404,361,-44,-60,393,39,-193,208,107,86,-35,83,-155,-134,-256,-245,82,110,126,-108,370,-230,222,-22,-28,-15,-103,-88,-124,143,56,-76,-450,255,300,9,357,58,78,25,-186,-37,5,22,-58,-57,-137,-62,102,43,-40,-19,12,93,10,-6,-1,-7,-16,-13,-203,-101,-49,-31,-11,203,-173,114,424,-21,-409,104,184,-65,-21,1,23,-34,2,-20,12,9,-14,-17,-92,-84,-12,-83,12,18,49,62,-17,47,-39,-19,-14,11,20,31,-72,-98,-1,-13,-26,-7,8,1,36,44,18,8,-1,5,-4,-6
-9,-3,-10,-7,4,27,3,-9,23,3,19,1,-2,-5,0,0,-9,27,1,-6,-2,-4,-2,-7,28,5,-44,2,-7,-7,-8,9,25,39,-54,-101,28,36,48,-16,23,6,104,136,-49,-64,70,203,-35,66,-66,253,126,-151,27,-17,77,131,-130,98,190,-40,-144,-24,-74,141,-297,354,-252,-36,132,-47,-131,89,64,-138,225,334,-370,-181,-68,-51,52,-190,-203,-51,-42,-64,10,60,0,129,20,-30,-48,16,-40,60,6,-14,-41,-29,-11,-4,-20,-47,-99,-15,-60,207,-78,28,265,-67,-345,33,150,-75,-7,22,9,12,33,17,-4,-4,-17,13,-27,-5,18,25,29,-7,-40,1,-32,-4,-5,-12,2,9,-9,8,50,52,-17,-2,-15,12,-14,3,-9,-9,0,9,-7,0,0,3
-20,-14,10,-10,-3,-11,8,0,-1,2,4,8,16,7,4,3,27,8,-5,0,-12,19,1,-3,-26,-3,-1,0,-12,3,6,8,-32,-51,54,64,44,-19,-32,-46,84,-5,-57,5,98,1,-49,75,-42,22,108,27,-128,1,-56,-61,112,210,-5,-16,-90,59,14,2,-55,112,-21,23,-81,134,-57,-173,-22,-95,92,-126,111,-354,-49,319,-244,-117,-7,-35,-20,-43,-48,9,28,21,-20,-17,-110,-29,61,41,7,20,-17,-30,-14,-15,-4,-4,2,-14,6,-12,-39,99,-62,26,130,-15,-90,45,38,-48,-69,-29,-6,-3,10,-7,17,33,-11,7,-3,0,-19,-65,-19,10,1,22,-26,-2,44,12,0,-15,-3,0,-20,3,28,-1,-8,-13,1,-3,36,22,9,5,7,16,5,-5
24320,892,-451,206,-136,77,-40,-36,39529,-4256,-2090,-845,-429,-369,-191,-60,30063,6296,2004,-1117,92,322,-22,-70,25201,82,-382,-30,-203,8,-7,-25,32448,-1956,-1998,-550,-626,-117,119,-33,23733,956,1253,2064,580,284,280,157,18478,1800,-511,-419,-203,1057,-937,258,14152,495,-332,13,-372,-654,-505,-276,24420,-6229,873,-324,188,-84,331,329,38271,3954,-792,-726,-251,-83,-60,-47,29750,-1068,857,1763,-1127,220,371,-287,35628,-3755,-517,-502,-77,-247,88,-19,41799,4642,-557,-896,-547,-342,-2,81,22761,6439,567,6,-443,-421,-319,-276,21403,1334,-4405,-3882,115,2053,467,-213,15656,-1791,1953,-934,622,-193,90,-33,37834,-1733,-926,-129,-217,-260,-102,-55,39775,-148,32,69,0,21,-26,-26,38553,313,71,23,28,19,-6,24,36171,410,243,63,84,-43,-4,-7
538,-214,90,-39,-5,-24,12,4,96,259,145,55,27,50,19,-5,-118,-11,-15,8,-56,-3,13,10,283,-261,139,-151,81,-38,25,4,-1489,-46,1874,-31,638,31,58,-123,3438,-406,-50,924,-121,-356,-166,-6,86,-272,1035,1026,-536,531,-43,-23,30,20,-475,-306,545,312,58,124,-4238,2537,990,-534,1,-21,300,252,3268,-3540,-289,-727,-22,238,-64,68,2727,2776,70,-944,674,-145,-38,144,3304,394,-300,196,70,43,-66,-6,4968,-3146,-282,774,282,243,-115,-82,3623,1671,-1000,-382,553,550,316,48,-341,553,567,-685,-763,-164,497,479,-1166,1607,-868,650,-186,-220,98,-99,-713,-795,-62,61,-190,-268,-172,-37,576,-45,6,42,-17,8,9,5,166,46,13,6,22,-6,16,-3,330,146,-209,48,6,11,-22,14
-224,81,56,16,-1,13,-13,3,0,-48,-26,-45,-15,-4,-11,-15,10,-58,61,34,18,-50,-25,7,26,111,-98,130,-49,16,-30,-2,-555,578,-1129,368,-88,-342,-22,111,-211,-1332,-493,-382,226,0,-466,-254,-47,398,56,-240,-28,439,196,-505,-289,210,-12,-749,-168,320,108,-26,313,965,-1097,-449,476,-68,294,235,-1719,-801,717,12,298,-88,3,53,4585,-1008,799,202,-131,15,-216,82,1633,985,285,-123,158,86,45,-29,-21,-343,1346,-276,-240,-250,93,98,2680,2432,606,-581,-337,-252,-46,-14,189,157,227,251,-400,-51,88,-148,323,-161,-18,133,-556,323,-260,71,-285,-176,-42,-261,-427,-292,-77,14,109,-9,-60,41,7,-3,-10,3,-447,214,-21,29,-2,-25,-4,2,-118,-593,240,-97,10,-51,9,5
-154,-3,41,2,-14,-13,-5,-7,-17,29,-8,-1,-11,9,-15,-22,-138,60,-47,-32,25,3,-12,19,-112,-122,62,-56,43,-16,-9,-6,740,241,245,-691,-230,358,-45,-46,934,872,668,-937,-215,90,-199,-343,165,345,279,-55,730,64,-312,-75,628,-276,245,318,-200,101,-48,-107,-559,-289,-553,753,524,-129,185,41,-1157,1084,-652,-577,215,-144,91,114,-2434,-84,104,-172,-195,111,18,-117,295,269,-149,-477,-337,-50,29,37,-867,989,-566,-614,386,219,37,-205,-445,-378,-244,-152,-80,-24,-12,-23,-83,61,83,-45,-136,-257,33,169,-152,18,23,-236,222,-155,20,53,-148,-141,-108,-208,-152,25,114,50,104,-11,-63,15,-5,19,-10,1,-83,46,6,-11,17,2,-17,9,12,54,-129,21,-24,18,-2,6
123,36,-38,-20,-24,5,2,-1,39,24,31,8,-4,-10,12,9,104,-10,-19,12,-2,-31,13,-6,78,99,-57,48,-28,-9,-21,-15,-586,-215,-494,922,171,-28,-30,33,783,843,-766,-1445,-176,101,-204,35,450,305,418,23,407,-374,-582,7,-113,78,-593,190,371,-96,-58,167,-110,-83,9,91,-242,-496,184,157,290,-637,-485,968,-74,-29,185,78,924,-111,-202,-537,223,-227,27,37,200,476,759,385,37,-54,-36,-1,664,-322,-375,797,-60,-247,-97,192,59,-469,-454,31,73,212,125,21,2,76,36,39,-22,-112,-96,83,76,-29,-16,20,-50,36,-1,7,-105,-89,-15,-53,-14,56,21,-10,39,13,-18,12,-16,-3,-11,-1,-113,-3,30,35,0,-18,0,-7,394,-258,39,-30,31,8,-21,6
-20,25,-9,-15,9,8,-19,14,-4,20,-8,-13,22,-5,8,4,2,-12,47,5,11,20,1,-25,30,-51,99,3,36,-19,6,20,-99,115,419,-114,-383,94,-168,60,12,-60,-398,370,356,-304,-7,141,-297,-210,-184,-147,-284,-316,-151,124,42,219,-143,-296,197,-95,-213,73,46,217,-39,126,-288,3,321,-368,-140,9,509,-140,-384,330,295,98,1816,-742,-320,6,-320,401,155,-126,-738,-486,77,352,189,19,26,27,-401,140,278,-259,-250,195,139,-80,388,-103,-209,20,-114,-200,-51,-69,-13,-11,43,-29,-2,6,-18,43,31,-45,1,8,-49,79,-37,10,-20,-56,-31,-30,-17,7,3,-24,-36,19,-16,14,5,11,4,9,-23,-23,29,9,-6,-17,-8,-3,-129,170,-71,-38,-1,-12,10,-14
-24,-8,12,12,-13,9,-1,-7,-13,-12,-7,-17,-3,12,-3,-3,-26,3,-25,1,-2,-1,7,-3,-54,22,-62,22,-24,28,-7,13,107,193,-323,-77,-12,-5,64,-27,-463,-593,-97,82,-186,119,58,-104,196,26,19,150,-37,-64,56,69,247,-113,27,115,-122,279,-13,-79,25,194,9,224,-153,277,-237,-377,92,-128,3,-13,338,409,-64,-63,150,158,-995,212,166,3,-45,73,-400,-474,-384,-153,62,86,84,36,112,-2,-96,-45,238,22,-170,20,-425,-202,127,344,176,4,75,-27,-9,0,32,-16,24,61,-31,-43,-52,-12,-56,0,-6,17,42,8,-2,-5,-12,-18,-8,-2,-11,7,-16,1,-14,-7,-4,16,-9,-14,-17,-27,-8,11,-4,6,8,1,128,-128,13,12,-18,-6,-4,-9
48,18,17,6,-9,-10,2,9,41,12,6,-3,-16,-8,2,1,-17,19,-7,-9,-11,0,8,-11,64,-49,29,-1,22,9,22,5,-94,-132,78,-3,215,11,-61,9,-67,155,-92,-217,151,104,-133,71,-52,30,58,17,-81,7,196,-87,-95,103,-179,2,-21,-171,117,-46,-62,139,-16,168,18,132,-225,351,12,120,69,14,222,-258,146,114,-501,215,-12,-158,320,177,-26,33,78,5,-122,-106,-39,-37,-95,-89,161,-152,72,83,-69,-88,82,29,-555,-195,181,98,-63,-9,59,7,57,-21,1,4,9,-12,-12,-4,-40,-8,-3,-14,3,-8,27,-4,-20,-27,-18,16,-7,-6,2,-5,-15,16,0,-5,-3,-11,1,9,-12,-27,1,6,6,10,-4,-12,-42,30,4,16,8,-18,10,4
20637,1661,-510,312,-170,112,-64,-2,38664,-5416,-2643,-1249,-660,-486,-212,-98,31413,6150,2083,-1254,233,304,-98,-53,28289,32,-664,-641,225,15,-214,33,22523,1003,1452,-811,633,332,-130,39,17375,1909,1965,-579,-164,397,302,152,21713,22,-1100,602,-843,-480,214,-93,17089,-3960,2340,-182,642,-197,263,119,33607,1816,855,-468,-372,156,-148,-231,36247,-2080,-425,-47,-48,39,1,2,41212,-520,-155,141,-12,36,-108,25,35223,842,1125,-173,723,-105,141,-100,43688,4127,-522,-1452,-1460,-645,-108,-102,22431,5512,163,-584,766,208,-19,-41,22253,310,-6342,1007,3456,774,-740,-1071,24352,-7225,504,999,146,-117,-8,-6,38834,385,-42,-3,-31,-19,-35,-36,37525,310,-50,89,-71,18,-38,-30,39969,-2384,27,-47,143,24,89,17,48070,-787,-166,-82,16,-47,13,-21
1482,166,12,-33,-34,26,-11,-13,397,95,128,73,28,26,-18,-6,53,66,-28,144,-71,-11,7,6,58,-398,550,-105,222,-157,-135,199,879,1829,-947,-391,230,-150,429,-215,1710,-67,215,-830,-517,142,168,30,194,2225,-1592,-675,686,-38,-399,-27,-3497,2350,-1367,-504,-215,-16,-145,-209,3887,-1949,-3559,-545,-329,-74,-31,11,-697,292,-318,167,-100,95,38,31,-2040,-878,234,97,163,-30,-36,56,37,-313,433,87,109,-109,11,-16,-843,633,947,457,96,-346,-130,-41,-1140,-543,237,650,143,-147,57,25,231,293,151,-1240,-299,614,-315,122,-2238,432,1017,-88,-851,-119,337,44,105,-67,-44,-54,-62,-64,-49,-26,619,-106,29,-61,-23,-26,13,14,-2458,1334,711,-81,-40,-74,-1,-8,-1945,-490,-105,-43,2,-13,6,1
21,-100,-40,-48,32,41,-9,-15,-20,130,15,16,-4,-13,14,3,34,-176,82,-70,51,-17,10,-7,-1257,582,310,-882,649,-195,15,-20,1716,959,-809,-553,321,35,-218,225,-406,-205,-599,-14,7,111,112,-63,-355,-709,124,-212,267,-112,118,-147,781,106,-220,784,296,-189,198,181,-946,-2427,814,1642,240,292,-105,-191,-899,419,-22,209,-2,60,70,33,-1106,-472,-161,15,10,-49,-41,-6,-348,-265,157,39,4,-8,-29,62,-735,-33,419,-103,-2,-65,126,-55,-789,-67,598,243,-85,56,-10,-8,132,-176,228,288,-473,194,239,-313,247,215,-49,-467,-62,729,-64,-112,-62,-3,-99,-41,-66,-44,-43,-9,19,-6,-32,-19,-60,-15,-1,15,276,683,-822,-183,46,44,30,14,-715,-653,-249,11,36,1,16,14
71,-69,2,-14,-5,-54,-11,13,73,24,12,31,14,19,-3,11,-120,69,-77,100,-54,-15,18,12,-869,922,-290,-125,195,18,-60,-19,1570,-149,-812,-13,242,-8,-167,64,-600,-308,34,136,10,-293,-63,-144,-202,-295,347,104,-637,428,-13,27,-618,-134,-345,30,-925,257,-29,-303,367,-92,1340,-915,-1040,19,-153,-103,-250,74,111,199,71,103,78,54,386,-244,-192,47,-58,-8,-35,-15,99,-14,-25,-30,-110,27,50,57,-124,-53,402,56,-115,-168,44,-2,170,114,226,193,23,-97,-78,35,-104,110,19,-95,20,-35,106,-105,-177,-15,96,-42,264,-5,-290,11,-14,-36,-57,-23,-19,-13,-11,-15,127,2,24,-35,-32,-10,28,5,133,-297,-150,490,51,-50,-33,-7,-763,-389,147,60,30,27,23,0
-40,28,-39,8,-4,-27,-10,-16,-46,19,11,4,15,-13,16,8,14,-69,62,-35,25,-12,19,1,-102,270,-293,-297,223,-118,26,35,1219,55,-157,183,-114,-507,-81,-56,-74,-180,164,-128,-4,7,92,89,385,498,-168,-235,117,-172,-116,-202,569,99,236,101,191,400,-507,394,-293,-383,-228,-988,743,429,-297,-249,-20,109,74,237,21,105,70,46,540,-243,-254,73,-72,-31,-26,10,-167,-64,13,-11,-34,53,100,38,-23,-180,173,35,19,-57,62,11,298,218,367,85,-84,-107,-45,26,-9,-72,62,-38,-54,39,-54,28,-79,17,-33,-171,23,4,-26,17,-20,-16,-21,-15,-30,3,-3,-15,8,45,2,-9,-10,-8,1,2,273,-104,187,-76,-246,-18,-3,24,-378,-30,96,64,63,29,12,-7
-116,-58,34,39,9,44,38,3,-15,-17,-10,15,-21,14,-8,-2,-40,32,-74,53,-32,3,-3,-1,-722,94,144,272,-171,61,71,-108,629,158,-370,-183,-218,98,-43,35,-286,-368,-341,-216,-234,94,-98,65,-317,-76,157,-169,232,-120,-252,276,-145,-318,-39,-260,50,-351,260,-212,-14,-98,-39,-84,326,-815,-546,-139,21,142,61,176,57,65,35,28,566,-178,-265,68,-102,-31,-1,-21,28,-43,8,-47,20,37,49,38,112,-167,184,26,-7,-49,22,34,311,332,210,115,-68,-83,-27,-15,-13,8,-22,-69,-4,14,52,-74,-77,3,120,-12,41,48,-93,-4,-37,-9,-19,-29,-3,-7,15,2,33,6,-16,-20,-11,-10,11,-4,34,-92,67,-101,61,82,6,-13,-164,-24,137,90,39,8,-3,-10
-22,-5,-21,37,4,1,-6,9,-4,-5,2,0,1,-15,4,-7,1,-29,38,-25,24,1,5,1,-157,308,-210,67,90,-192,106,-51,-202,-404,-580,167,111,-75,-192,146,-64,221,-266,-117,-4,62,-173,-74,-272,124,230,374,-83,51,24,-6,262,36,130,-26,98,43,103,-121,-158,-110,-129,-62,-48,-299,389,92,51,71,34,110,54,64,37,48,354,-199,-193,76,-131,-24,15,-11,24,7,3,-2,4,-8,23,11,41,-101,122,2,-26,22,-7,-7,265,193,179,22,-69,-45,-33,-9,-28,-4,58,-9,-89,9,4,3,-97,11,0,-31,-14,-8,24,-1,-9,-6,-11,-16,3,4,-11,-5,25,4,-9,-3,-13,-5,11,-3,41,33,18,-55,65,-56,-47,5,-58,55,80,17,24,1,7,2
3,24,11,5,-14,-4,-25,-6,-23,15,-1,-1,2,6,-4,2,-53,35,-35,8,-22,19,-7,-2,476,-236,-258,370,-361,107,88,-51,-408,17,-441,45,-69,200,120,-13,163,235,-35,-132,-30,-255,-210,-213,290,16,324,-31,48,323,-3,-93,-131,-14,-56,-68,-54,-22,-79,49,5,68,17,50,-9,1,87,-402,12,88,14,61,28,25,12,1,170,-132,-96,14,-85,18,-8,-11,-1,-10,-4,-16,3,-16,4,-8,-12,-48,44,9,-8,0,16,14,150,124,53,11,-19,-39,-12,-9,4,-9,-23,-30,0,-1,0,-7,1,5,17,-29,-14,17,-32,-8,-2,-10,-1,-7,19,-15,-13,-9,6,12,11,14,-14,-10,0,5,-2,-19,-28,-28,38,-32,27,36,-31,16,32,18,4,13,2,3
18185,1247,-292,3,180,-11,4,35,38517,-4648,-2399,-1292,-629,-510,-206,-110,31480,6252,1953,-1537,422,183,-139,-72,24928,1956,1076,-1665,-1147,891,39,-251,21800,-2052,1117,-752,645,316,107,-253,19367,2652,1289,244,-1015,446,161,242,22372,-1639,-2593,630,-595,796,-260,-554,25904,1008,-2084,-770,-1017,246,-551,-202,19669,-4506,131,11,1470,541,-685,-506,34615,-1458,20,-19,-29,-59,-9,-22,39334,-333,-480,91,-122,91,-31,40,34905,-54,580,304,-77,544,80,-88,41378,2704,-1838,-1792,-739,547,35,-158,18320,2523,2748,79,33,183,143,13,22106,-3464,-2607,5269,-547,-646,183,333,34512,-4019,-2506,-1276,-851,-262,-30,-43,37989,237,-61,75,11,0,0,-3,37040,-581,1219,-867,492,-117,16,-42,50284,-974,-356,-345,-209,-145,-61,-49,52816,-53,-92,-16,28,-40,1,-3
-337,500,-282,235,-186,105,-66,24,-724,-716,-476,-142,-112,-64,-29,-22,57,-358,301,-164,97,-45,90,-55,793,-142,11,-222,643,142,-229,-77,1114,-148,11,-217,275,156,-40,-24,-2831,136,553,572,1121,-391,-61,-106,-1308,1739,334,269,-116,-41,-188,-164,2568,-3634,-1005,1243,95,858,-162,26,-957,28,365,-229,-99,215,149,-129,431,-192,32,-47,14,-12,9,-15,704,225,-123,83,-24,12,-17,8,-2182,744,-213,-121,508,-126,127,-32,788,-635,-941,-887,163,345,76,-173,1841,1984,294,-651,-257,-165,69,-78,112,710,-1645,343,1134,67,-388,-226,-1894,-1630,-636,-273,-4,361,340,85,268,-1,-19,19,-13,9,32,6,-656,852,-720,392,-106,-66,92,-52,-1044,-235,-136,-318,-181,-126,-35,-25,-268,67,-14,21,-14,-25,1,-14
-192,-132,44,-53,72,-69,52,-9,96,123,66,20,22,5,13,-8,-180,57,69,-169,114,-63,72,-34,604,367,53,-125,-119,234,-341,-46,-190,-143,175,684,483,-196,-290,-41,41,-231,-886,-450,351,-178,-122,-566,3465,-1163,-653,1516,-569,-40,-40,-99,-1668,-2258,2764,1333,308,292,-140,15,48,151,378,300,89,64,167,126,97,31,-4,29,-19,0,-9,4,120,-28,-2,-54,43,-5,1,-7,1907,-779,-8,144,-123,-106,-148,84,808,801,339,230,-119,11,-90,-26,140,-306,-744,-561,-186,177,83,61,-58,220,161,-475,289,44,293,-659,-160,9,342,390,503,458,137,-52,-1,33,-4,-24,-10,17,-8,-3,45,-29,-40,183,-223,184,-106,24,-332,-135,-347,-240,-53,-21,-8,6,3,0,-28,-23,18,-8,-17,2
225,-185,54,-62,24,-2,-22,-10,154,190,106,27,9,5,24,12,-187,89,-5,-72,95,-60,40,-45,-299,288,-184,-146,-37,17,-15,-73,521,51,35,422,-207,-116,-445,348,631,-98,996,-92,-457,494,-285,534,38,-1353,1029,29,-675,28,85,161,135,85,1018,-880,1123,650,106,125,200,80,142,149,90,196,83,27,59,-66,34,-12,-8,14,1,1,324,-42,1,-24,-11,6,3,10,-342,532,180,-77,7,-189,-26,-3,2,-129,213,124,8,-207,109,55,188,51,21,155,414,317,27,-62,-24,194,-126,-5,84,13,61,49,-46,-9,119,125,117,7,-114,-52,47,17,-32,14,-13,-9,2,-17,-1,-47,18,-2,4,44,-40,21,-229,-161,-192,12,-1,-4,18,0,8,47,-79,-61,0,-28,-4,7
-46,-35,1,14,-36,32,-27,18,-3,18,13,16,21,-6,5,1,16,-19,-50,41,15,-30,7,-1,442,-262,150,175,-150,28,-386,218,-347,-20,-300,-340,-270,47,35,505,-198,477,-384,415,219,36,528,46,-589,410,-437,160,-162,-72,261,-110,566,410,120,223,1161,-695,-582,-51,45,136,231,221,59,54,98,69,56,-25,8,-3,7,-14,9,-4,30,21,43,11,25,3,-16,11,-629,280,135,-174,-74,121,28,-60,-586,-286,-155,41,-160,7,46,75,-34,29,-93,66,23,-114,-223,-105,-74,4,-3,-80,59,-10,5,20,-34,3,47,58,75,32,10,18,-17,23,-52,-5,11,18,-10,-6,-3,-63,27,-11,1,-12,8,12,-91,-70,-86,-9,-48,21,13,3,-23,-5,-77,-23,3,8,14,7
70,51,-33,-1,17,29,31,-4,-3,5,19,5,23,5,17,4,270,-227,87,25,-13,6,-4,-4,146,-197,222,-495,28,-43,105,-11,-80,-136,202,313,230,455,198,-163,89,174,-85,-259,95,14,9,-52,100,-411,201,720,289,-19,-473,-97,647,196,21,-279,-536,-659,212,216,127,107,156,70,89,77,54,30,26,3,12,24,45,-14,-8,-4,122,4,-7,-23,-18,-10,4,5,177,-93,96,-143,-68,144,11,8,188,99,174,-20,9,-55,41,-53,-9,4,-31,21,-42,-75,-3,27,41,42,-30,-12,8,-22,36,-31,-48,-42,-14,7,38,17,-27,12,4,12,13,-15,18,-5,13,-7,16,-2,27,-12,28,-3,18,-19,-129,-40,-49,16,-3,27,0,-1,-41,-21,-25,5,-10,5,-6,5
-6,-6,20,-18,-35,18,-29,-1,-25,4,-23,-4,18,-8,-11,-5,172,-182,177,-96,26,28,-22,-3,-260,157,-4,223,-166,60,-58,-45,-53,95,64,114,-95,-95,-316,-389,202,-110,82,-73,-146,7,-114,15,184,-49,349,-10,-79,-681,42,36,-124,-96,377,-116,204,357,109,-124,28,81,99,52,79,100,26,52,-16,-8,19,-2,7,-6,-9,0,-11,5,13,7,5,-29,1,-4,317,-110,-180,110,44,-56,35,28,165,224,43,44,-47,-32,-87,-43,14,-6,2,-32,33,12,45,70,-7,-9,12,21,40,2,-10,13,-32,-21,-19,-22,12,3,-10,-10,12,5,12,-1,-14,9,7,-7,14,-4,6,-12,-10,-5,3,-8,-4,-28,-4,-18,-1,8,-12,2,-51,-3,-13,-11,13,4,7,-2
-6,1,-16,-15,-2,16,22,-13,42,-6,4,1,-9,0,10,-5,61,-73,139,-151,64,-4,-16,-2,175,-109,87,-108,173,-169,63,32,-83,-68,3,-15,-54,-55,-58,-27,-117,99,-79,57,125,30,-4,-4,118,281,-198,110,-59,-2,95,-16,-13,147,284,-163,-62,-165,-127,269,79,48,41,34,28,35,39,23,34,4,-13,21,5,-3,16,-9,36,19,-20,-12,-20,-4,12,7,111,-66,-159,217,11,-42,-18,12,-99,-139,-109,-62,41,-2,10,19,10,25,-37,-29,-10,4,7,-3,30,-20,23,13,-28,27,9,11,4,22,27,26,16,13,-6,-10,-10,-16,20,-17,3,-2,-13,15,21,5,-16,-3,-6,11,-11,-9,7,-5,-8,-3,19,0,-11,9,-4,4,-8,10,5,3,3,-4
16347,-1622,942,-634,312,130,-138,104,39981,-3924,-1690,-776,-479,-430,-155,-52,32583,5951,2089,-1828,602,44,-61,11,20733,3458,387,399,-293,-803,315,515,22792,-2600,-1437,871,1670,-642,-391,433,26257,-1432,-109,-287,518,43,-114,205,30488,6199,-170,-679,-851,-738,-615,-351,13775,54,411,174,797,303,-150,-286,17839,-1742,516,545,594,-613,-132,-243,30476,-1827,-62,-255,-88,-89,-39,20,34215,662,136,-272,-110,-32,56,39,36473,-1441,125,-183,39,45,-52,8,25809,6029,-230,328,-71,-49,0,3,15656,-1934,796,100,-409,194,-4,-247,23288,-5495,3521,524,-1984,1052,989,-244,38711,-229,-403,-130,39,77,-29,11,37671,399,-91,49,-12,-54,31,14,39299,-3836,3503,-939,-586,613,-128,-155,53733,33,15,10,-48,23,15,4,53440,115,-3,-19,8,-4,-15,-2
296,667,-476,114,189,-179,125,-47,149,162,-58,-176,-37,13,-5,-13,81,8,-190,316,-287,93,-42,-14,1029,220,212,-289,-1295,543,269,57,-1651,684,280,209,-766,-506,255,294,-1141,189,-392,-295,309,-299,312,128,3564,-1618,-1549,-522,16,37,-13,61,200,141,87,57,467,375,55,-26,1353,-806,154,249,590,-51,-247,-106,2056,626,85,52,-56,-60,-17,-2,-474,358,275,-22,-98,-16,39,42,-288,-477,364,-14,-40,54,-5,-20,3653,-400,-1742,489,-360,199,321,239,-419,-13,-218,-58,175,-79,-160,222,-715,116,-456,864,-177,-550,451,-201,-215,-101,-77,32,66,35,5,-36,-157,-116,13,11,23,15,10,-2,-320,618,-382,-122,267,-125,-28,84,-462,-97,-75,-121,-43,-31,-14,7,217,-84,-69,-24,13,-12,-6,-7
197,-71,104,97,-134,113,-17,4,-263,1,52,54,45,17,-2,6,-341,42,359,-386,144,45,-128,20,-96,-565,38,-312,40,639,26,-166,-465,-319,367,-425,-113,526,-144,-525,-907,1055,-897,88,837,-486,150,7,-781,-576,956,-137,539,-24,93,82,320,389,129,231,308,307,131,-99,-70,-71,-36,76,42,202,36,193,-430,-296,-49,35,35,51,23,28,519,-652,117,48,9,-24,2,-6,1288,244,42,-41,-131,78,-23,4,459,-517,809,929,-558,0,-176,-147,185,17,54,65,-221,-114,76,10,-52,125,-178,323,24,-178,-119,-71,-90,-53,-81,-33,-41,-39,-26,-6,-37,3,-63,-12,-27,10,17,8,-194,19,-18,3,7,23,-30,21,-130,-8,-52,-47,-28,22,7,-19,-4,-94,-37,-14,-6,10,-3,2
-43,203,7,-12,69,-15,14,19,-124,-90,-46,-51,-44,-7,10,-2,-134,87,292,-575,438,-174,31,-13,278,-259,-247,788,138,-75,-82,286,41,419,-133,-205,224,261,-36,-53,165,60,-1011,-86,59,39,193,33,-1,47,-920,-418,1454,94,111,-73,487,271,306,229,159,184,121,34,207,-42,-52,74,50,-20,53,77,197,87,-50,34,-34,-43,-55,-16,623,-335,-339,78,70,47,-7,-47,216,-134,76,93,11,-10,57,-17,1123,683,498,-611,-644,327,-9,91,-73,6,6,-108,-123,0,14,-55,-27,26,-136,200,-32,-69,-58,-37,1,-34,29,21,17,-2,24,-1,62,20,-1,-27,7,-7,-23,5,-21,0,13,-36,26,9,-30,22,39,-92,-57,16,-25,8,13,8,-201,8,28,7,20,12,2,-4
160,-15,5,-8,-14,-2,8,-6,16,61,44,5,19,14,24,3,-141,328,-493,196,155,-278,213,-45,366,252,36,358,123,416,266,-158,-471,367,18,-171,-138,-403,311,-5,50,217,-62,684,-124,-289,133,-59,-1037,-761,-648,1509,823,-937,-170,-233,154,301,251,301,181,54,110,86,-26,-18,-8,-40,-2,22,-34,20,-155,-48,-12,51,77,52,41,11,763,-247,-225,12,93,40,-14,-28,2321,-464,-412,107,-16,67,1,25,932,505,176,-309,269,319,-332,-76,-43,-54,29,-9,-2,134,46,-20,84,2,-73,5,-60,-40,-92,21,11,-12,-25,-12,-32,-3,14,1,0,-9,9,-22,15,-8,-9,9,67,-18,-26,26,-12,-20,10,-1,-60,-24,22,-10,5,3,-3,3,-15,112,-9,-10,-14,1,5,-6
78,-12,64,-29,-26,12,-42,20,-13,-7,25,44,16,13,-3,8,58,-16,-209,404,-216,-30,68,-33,-13,134,53,62,100,-69,-153,-78,139,-173,13,-205,216,-118,-98,52,-230,317,85,-260,188,325,3,107,-265,29,128,609,-989,-329,542,173,133,143,208,191,84,35,-4,92,10,-62,16,-17,-52,20,13,-9,116,22,-20,3,-36,-1,-11,-11,91,69,-131,36,51,4,-18,-23,986,-533,31,-8,-74,35,-53,-3,625,357,70,-76,126,-95,-116,187,-32,1,24,2,-16,5,-50,38,-35,-19,-44,-34,-22,43,-17,41,-2,-19,-4,-23,-19,-7,-3,-10,13,7,41,1,-12,-9,12,-16,-13,18,28,-12,19,-16,-21,6,-21,21,-32,-9,6,6,-5,2,70,-78,-43,-8,-2,11,3,6
-18,10,-38,2,-4,-8,16,-16,29,-8,-34,15,-6,2,-5,0,-55,-55,81,119,-217,151,-39,-43,137,113,-10,-110,87,-288,-155,123,36,-75,185,-96,-69,126,29,79,-34,104,-280,-355,-135,342,306,230,-233,-86,-56,140,-185,591,-78,-41,132,125,115,146,17,11,-5,28,31,5,-28,36,-7,-15,-33,-9,-27,-32,7,30,17,11,-12,3,-213,134,-18,4,50,-32,-22,6,-725,28,158,58,-64,13,2,8,215,63,-39,-1,51,-10,69,-9,42,10,-40,5,6,-45,-23,28,9,-11,-35,-22,7,27,4,34,18,-3,2,-9,-14,-4,4,18,-16,1,-7,22,-11,0,5,-16,19,-21,-5,12,-25,2,17,-10,-11,-20,7,2,0,4,-9,-1,-75,-14,22,17,13,3,0,1
20,-5,26,-16,-12,10,2,-5,16,15,7,16,2,8,-4,-7,-6,52,36,-158,-51,208,-141,20,45,50,23,-7,65,-111,36,74,122,59,-65,121,-51,-79,61,-170,43,196,35,-260,-257,50,-44,10,-48,128,114,196,94,97,-284,323,7,69,40,51,5,-65,18,9,-1,-7,23,-14,10,-23,-10,-17,48,20,-21,12,-29,-3,7,-5,-331,183,12,-2,13,-45,16,13,-571,142,-15,71,-106,31,7,-12,-18,-116,-122,-79,-45,-64,-47,-103,-29,-1,-7,-2,27,3,-22,18,4,-15,-2,-18,10,23,-13,8,11,-10,-3,5,-7,-4,-11,-3,-7,-10,-1,4,2,13,-9,-11,10,15,5,6,-9,-3,-15,8,5,13,2,-16,5,-7,-1,-6,13,13,-11,4,-5,2,-4,0
18558,545,1013,-396,-198,191,-164,72,37390,-5210,-2501,-784,-291,-291,-127,-40,33207,5775,760,-478,-341,418,-472,203,16153,-415,-387,1053,1329,366,319,-264,21157,-1893,-632,1090,1028,87,-102,-289,28063,-1159,27,82,-905,33,-223,-259,21157,3528,642,-236,-454,-249,-20,67,14061,639,85,384,836,805,-82,-528,14367,-635,184,58,-124,-6,-28,14,22245,-3908,-46,105,166,5,89,97,34429,-1569,-114,-226,-15,-61,-30,-10,40660,-1308,64,-46,-122,-39,104,-25,32984,2989,757,945,583,411,79,-12,20292,426,2087,927,-753,372,310,-132,25479,-5030,2906,187,-1950,1182,199,-532,34246,205,-103,-17,-3,75,39,8,32405,481,-111,-15,59,-55,109,-39,40283,-6937,2293,2160,-936,-631,166,161,48228,3787,-1222,87,5,162,-44,16,27988,2441,771,596,185,84,3,10
-3050,-2271,752,-251,96,-54,-4,23,1380,914,597,211,13,-71,-47,-17,-621,84,814,-748,348,-55,207,-195,654,1069,241,-438,529,581,-156,-74,-261,-561,-1491,-80,1011,-122,-543,71,1299,494,-846,345,-379,229,-55,-9,-2649,-154,744,107,478,-117,187,10,-33,68,249,114,-158,-153,-100,68,-158,65,-289,25,-11,108,-32,46,-1552,669,801,-72,-163,-149,-81,-72,23,-449,130,-113,22,-68,1,-11,151,1113,-367,117,-117,48,32,6,-10189,1058,1108,604,578,240,92,-81,-2699,-2717,-811,188,79,-58,240,-161,63,39,486,-546,188,358,-531,246,642,-446,-35,-69,44,-5,1,-26,2824,-222,-173,17,-74,76,-58,36,464,504,535,-848,-336,596,141,-230,4381,-2891,713,315,-147,-39,32,28,6983,1898,-34,-45,-99,68,-45,40
2272,335,-547,112,-154,61,15,-18,-163,-177,-5,67,79,51,20,8,-475,349,-77,20,16,-10,-159,242,313,-558,-90,-150,-227,-550,15,40,-509,704,476,-1101,524,-103,162,-57,-35,228,467,865,527,-300,307,142,-290,-528,657,1295,152,349,-387,-178,-149,-180,-204,-75,-173,-80,-47,12,309,-12,177,-163,-54,-85,-13,-46,-412,68,364,163,266,86,-29,-12,190,-10,-145,44,29,9,14,-3,282,185,-297,92,-87,40,-28,15,555,-1828,602,177,268,45,39,-74,2234,2156,466,-542,-258,159,13,-16,-251,-313,188,-120,95,-154,44,-84,2100,99,-61,-51,-22,27,6,17,393,562,66,-11,47,-49,41,-13,-254,104,462,-189,10,87,-84,-118,-1915,1253,256,-586,344,-25,50,-41,5220,-849,-1317,-285,-159,-96,-21,-19
-422,237,354,178,-52,78,-29,-28,-171,-106,-34,31,11,0,-21,-3,-258,305,267,-819,363,24,17,-165,-662,271,-385,-96,37,-282,-1,-109,341,5,987,-415,-464,390,31,-56,-81,1016,61,-298,-142,-311,317,441,330,74,-964,-444,16,-326,513,245,-69,42,-8,-1,27,5,78,-15,-138,106,-7,61,-43,28,20,-1,736,-534,-168,149,188,90,-2,27,582,207,50,18,27,46,17,12,117,-346,239,102,-8,33,-1,3,2656,372,-699,54,-122,20,-91,-81,-1548,-1124,113,723,235,-91,53,36,-80,44,-39,55,42,138,2,-26,84,452,-98,-98,-96,-24,-37,23,-1196,-157,91,38,9,-5,-17,2,-480,-37,-58,-132,-28,45,11,0,723,-235,-649,718,-311,25,-33,33,1135,-2145,-223,147,-42,83,50,9
0,-310,-225,-43,-36,4,-29,12,64,8,-39,-28,-74,-68,-35,-23,177,140,-956,710,413,-631,285,2,585,-83,386,-44,219,206,-156,16,154,-250,-272,242,217,-128,166,61,-572,-233,-151,-186,73,307,29,-21,256,66,-182,-682,37,331,-444,121,-20,-34,-12,-14,-2,-28,28,12,-12,7,1,-36,-24,-74,25,-30,921,-546,-162,91,73,46,34,46,701,252,72,-6,1,-12,-20,32,267,-150,149,3,69,22,0,10,-296,1420,-66,-272,-66,-109,-58,-81,543,226,-584,-760,-190,123,10,-49,-62,-13,-44,58,-44,3,31,36,-437,54,12,-21,-50,-72,-60,-10,498,-259,-93,-9,-6,-11,-21,1,450,158,-159,-8,131,47,-39,24,-147,-192,631,-549,171,29,-37,-3,101,-688,916,420,203,64,14,1
70,88,95,-20,-79,10,-7,-16,-68,-55,-44,-26,-25,7,-2,-3,296,-475,242,636,-979,440,10,-70,-45,455,-29,314,-79,-101,247,-108,68,33,151,-233,-323,245,-22,-98,-105,-163,96,406,162,-306,-281,-180,220,404,443,42,-635,-168,430,-312,-72,27,46,26,37,23,-3,-7,-12,10,25,16,14,-25,-70,35,263,-173,-119,-45,51,25,24,2,188,92,106,32,47,-1,1,-13,175,-39,-21,21,39,7,-3,4,-479,-235,765,-116,-11,-55,-13,-35,-36,164,631,434,7,-152,-67,36,-26,-1,35,42,19,27,6,16,-138,-148,28,11,34,8,2,-14,26,142,-34,-38,2,7,12,2,-220,-29,141,66,-80,-56,25,34,-99,217,-324,249,-28,-85,76,-23,-452,94,597,-221,-99,-167,-73,-10
-2,-30,19,46,16,12,4,-17,-46,-51,-41,-17,-1,-2,20,14,71,-99,411,-479,86,133,-137,72,108,-4,296,-71,7,27,17,97,-55,-115,-115,219,-133,-146,149,-80,-2,-49,335,149,-31,-115,-2,41,251,285,416,465,246,-447,-453,220,3,10,-7,-7,17,0,-2,1,24,-52,-5,49,26,-4,47,-15,-71,174,-134,-22,8,21,49,36,-315,-113,-6,-42,2,8,0,-11,-225,105,-72,2,-15,1,23,10,4,-532,-33,242,-49,61,-53,-1,-191,-255,-381,-210,126,202,83,13,-31,-21,23,25,-31,-30,24,26,-13,-40,-55,7,15,29,27,16,-2,1,1,43,-18,1,1,1,-23,-67,-100,-55,56,28,-37,-20,54,-91,102,-6,-91,119,-85,23,-468,141,-1,-333,26,-27,51,1
-68,-76,-36,-60,16,-15,0,10,23,37,24,-8,9,-4,-4,-11,-142,64,-29,-236,297,156,-265,125,29,122,-27,12,41,23,77,-10,186,-25,164,-72,98,-11,-103,217,192,27,204,-57,102,-213,130,4,161,-7,42,199,373,401,31,-220,44,1,-3,18,13,-3,17,-11,61,2,6,2,-7,-9,0,-7,-180,233,-90,-11,-15,16,19,3,-361,-161,-11,16,40,14,-6,-26,-254,91,-32,8,-49,-9,5,-25,-88,111,-531,-20,193,-34,23,-18,168,140,142,58,-152,-147,-64,8,52,-3,-46,4,7,-1,3,4,28,1,33,-10,-1,0,-11,-1,13,2,35,-3,5,-24,8,7,48,55,44,-5,-28,-28,7,9,9,12,26,-85,111,-94,38,-22,-20,282,27,-77,81,98,25,-1
29595,-4620,-5529,1579,-386,869,-399,-1,34810,-8148,-4070,-1051,-31,217,377,165,31500,8508,-2157,544,859,-734,-227,373,13486,-680,159,-412,180,-63,-42,-46,16236,1499,1781,887,791,-32,58,-523,20586,-2468,-31,284,459,-50,419,-266,30595,795,1555,-2243,-43,-114,-368,89,14843,463,-312,760,1042,844,428,110,18177,-3305,1861,-473,-226,-251,-52,-265,26444,-3604,980,2397,1738,603,-74,-121,35123,-296,-35,-138,-40,-50,20,8,39390,-1381,27,-132,53,-53,15,-35,46776,-1740,62,-178,16,-59,17,27,49697,2724,-2338,822,-372,211,-228,87,26618,-5394,2716,4016,774,-645,397,422,36282,496,-28,57,-23,60,-7,28,34683,-999,1528,-915,391,-85,-94,10,49288,-2419,-1298,1173,239,24,-351,-64,29385,4048,3290,589,22,323,21,-54,25074,156,-123,46,185,50,44,15
1179,2351,227,-572,-363,-217,67,39,241,288,130,-42,-157,-174,-137,-81,755,-322,-623,606,36,-56,-27,-73,5,315,-499,50,-20,148,-162,-11,474,-687,22,-867,-284,-292,109,-218,1132,-6,364,-155,327,-113,76,272,-611,313,192,-238,567,-393,405,-14,-784,-434,-422,-219,68,36,-178,-181,-1105,940,104,-501,145,-321,53,-70,-834,-206,-222,-112,38,35,-44,90,27,-139,-129,-8,-18,-14,-5,-9,648,-151,-51,-76,7,-10,-14,-11,739,98,17,12,13,-1,2,10,-3250,3046,-1684,486,24,72,-102,58,-2065,-1399,-1136,-1695,-1628,-403,467,-212,196,-10,33,24,31,-31,12,10,-1202,1452,-1082,571,-147,-68,157,-95,-2292,-2506,261,138,423,-300,-138,-84,1707,2604,843,-658,-305,-39,-78,-84,114,-5,95,-264,6,-78,13,-10
203,1009,571,22,15,-166,21,-27,-9,131,72,99,77,1,-36,-26,274,-192,-168,-42,182,170,-402,183,433,-449,37,153,87,54,-230,155,-276,-539,-503,-208,56,-525,124,315,-201,-644,825,-421,48,-8,-90,-185,202,-23,-758,2402,-780,-497,127,451,251,79,116,-343,-493,-196,-174,-136,582,-192,-348,339,54,-26,249,-80,-21,-27,-336,-222,54,146,196,168,-53,89,-14,-22,-51,-42,-26,-4,28,-90,-31,-27,-40,10,5,-7,77,-22,-7,11,-35,6,15,9,-1922,1430,-327,-539,632,-329,89,-15,1385,1238,711,205,-16,194,-269,-564,-56,-36,34,9,-14,3,2,-2,338,-438,298,14,-100,145,-117,69,-1157,39,-14,588,50,-1,-55,19,283,334,-604,-927,-440,224,18,-17,-355,50,-534,-239,103,110,3,3
-57,602,188,146,40,78,10,8,-28,-58,-24,-33,-53,-33,-31,-16,409,-103,-120,71,118,-120,-78,129,168,-167,522,-210,286,-237,-63,67,161,-158,111,-12,602,-12,143,39,-262,-203,-646,443,-257,-163,179,82,-117,161,-121,268,119,-477,-341,456,6,-124,-102,-63,138,88,43,38,-243,92,-9,84,-126,24,14,63,-30,58,-134,-23,-91,-92,-36,-60,-61,-15,7,4,-34,-12,20,8,87,-34,-4,-10,4,7,8,2,129,32,-16,-15,20,-2,-11,14,-421,183,588,-980,724,-275,29,7,-115,-98,72,204,286,452,397,195,46,77,-31,28,-3,17,11,-6,-130,-90,160,-184,179,-123,19,-11,369,55,486,87,-20,-96,-20,40,18,-123,-222,-407,296,421,88,21,-94,-192,-75,173,301,41,7,-7
-3,152,125,4,145,73,36,15,-88,32,-7,25,13,32,30,13,228,-208,-81,249,-238,-58,217,-146,0,139,-169,155,-244,-60,-30,137,261,-180,35,-489,461,-8,-191,49,205,-84,-50,-351,273,-26,-156,246,-426,-7,574,54,81,-282,-180,80,112,-58,-128,-94,-180,-179,-99,-24,-12,88,-121,131,7,25,-124,22,-161,-60,-233,-21,-94,-9,29,4,5,-9,-6,10,-28,-9,-3,19,-3,-3,14,10,9,11,9,-9,45,18,14,2,15,1,-7,3,-119,-89,520,-601,271,133,-242,129,14,-52,-124,-230,-278,-252,-199,-164,-23,1,0,16,3,-5,-9,-8,-201,178,-154,104,-54,-30,52,-44,-127,134,-50,-74,-158,-92,31,42,157,221,-75,-105,295,98,-148,-50,-203,32,65,155,71,-74,33,-40
-109,-6,28,-46,101,26,44,8,-32,-44,-1,-26,16,31,29,19,67,-64,64,-66,90,-58,-75,133,157,-261,306,-277,15,133,-86,150,56,-252,-45,-215,134,97,-142,211,3,36,-240,178,-219,-93,2,39,146,41,-166,127,-155,144,-385,442,-70,41,216,138,153,94,97,32,58,-40,16,-28,32,25,-18,-15,-32,-39,-19,9,-69,17,3,-3,-27,-61,-22,30,5,14,5,15,29,-6,-4,17,-31,-3,-1,12,37,11,-12,-21,-4,10,-1,6,-125,-22,232,-208,-82,321,-308,157,-47,-8,7,12,35,71,28,23,-9,-9,-10,-12,-4,-2,-14,-1,-77,53,-28,9,-36,11,-49,13,-26,-79,36,-20,-94,-30,4,44,-48,31,-29,-92,71,-88,-119,22,-27,-16,44,117,-80,4,-41,-16
-76,29,-3,-98,21,-14,18,-26,0,33,4,9,4,3,-21,-4,139,-35,-226,108,130,-104,-62,78,-15,103,-38,-5,137,-69,123,-85,270,4,20,86,-5,135,0,5,-122,28,-62,-314,16,-5,-280,104,-271,24,6,-122,217,25,-347,286,164,140,87,66,35,84,-9,5,-10,33,-16,-87,46,-23,10,2,60,-15,39,63,-51,53,13,-25,-40,5,-9,-22,3,11,-3,-3,-28,-20,13,11,-8,-17,-6,6,10,10,-5,9,1,-6,10,-2,-95,-5,109,-48,-137,253,-191,69,76,101,32,-11,8,3,-13,9,-2,3,-14,4,9,-13,-11,-10,58,-37,16,6,17,-15,6,2,-159,-57,5,69,33,-15,5,0,4,27,10,-26,69,-55,-8,23,-31,-6,47,18,-22,-21,-1,5
13,50,-6,1,-33,-55,-30,3,53,-9,14,-16,-23,-16,-13,-7,106,-26,-4,-21,5,44,1,-61,71,-107,15,-35,-96,163,-157,-8,-6,19,-166,100,10,81,30,-9,-12,-19,104,-98,-102,22,-218,-34,44,38,-88,-146,-80,209,-199,-104,-220,-203,-140,-113,-96,-99,-30,-15,6,5,-20,66,-29,10,-20,-27,-7,-17,18,-6,-75,-6,6,3,-7,-6,-20,-2,-44,-4,-14,-1,-1,-10,-15,3,1,-17,0,2,33,23,-15,-21,28,10,-19,-7,-22,-26,57,-24,-54,115,-62,10,-30,-4,-16,2,15,20,3,-6,21,5,-8,20,4,-2,18,-10,-13,5,21,-22,-17,-9,27,-1,-31,-41,27,39,22,9,-10,1,-35,11,-14,-20,5,-17,26,0,20,10,-13,-36,-18,-10,-2,18
27289,-9230,-1875,3013,-34,-43,-482,165,34965,-7222,-2391,579,1194,993,674,280,31091,8600,-1303,41,107,-239,-297,445,13212,-476,-135,-195,64,-266,242,-32,14109,878,-227,78,-110,226,66,-2,18804,-2965,463,-232,-6,-213,-180,32,21622,2228,-387,475,-632,222,-549,64,14009,-427,-36,-223,95,-78,-145,-123,24562,-1809,-1821,-220,-54,-72,67,-22,31246,-2947,-1080,-225,200,241,188,132,35544,320,-98,-53,11,-16,-15,-34,36628,-927,56,-73,42,-36,10,4,42625,-1761,223,-209,16,-85,-8,11,51439,-1378,-203,-124,-60,3,-11,-32,38680,7213,1898,-618,101,-172,-801,-255,28849,302,-167,-40,-77,33,-26,21,35350,-3845,-516,80,622,-200,-28,-98,41605,7152,-2643,-961,-291,-289,60,-75,23606,37,-23,107,107,-44,107,7,22765,1537,-870,46,-51,12,-19,40
-377,217,-1093,65,267,322,-116,-144,-251,-550,-724,-541,-323,-202,-68,-13,-75,107,-316,-195,669,-178,-286,203,2,6,-184,-62,51,10,-15,49,78,107,323,368,-9,91,27,-124,-368,756,-199,-560,333,-48,156,84,1408,-201,82,209,-286,-213,4,-115,1406,480,-875,282,-172,11,-100,-64,-215,-2476,346,484,-213,206,21,35,-1482,-835,13,505,540,370,218,120,-221,42,76,-47,16,-30,-3,9,492,-136,-34,11,-8,4,-32,-12,931,-131,8,16,-29,-5,-6,1,618,186,42,17,-6,-2,-10,4,-563,-2114,1769,2157,-163,-1094,-426,-35,4946,-551,13,-48,-2,4,-3,23,1270,1357,1817,-702,-320,301,-154,133,3716,-1849,-1445,958,179,22,86,-22,814,550,366,95,-4,-70,20,-10,1016,-680,475,79,-51,-27,-12,-4
798,216,-26,-217,-111,45,41,-23,53,19,-7,38,-2,39,9,1,-381,205,165,-107,-45,-150,297,-210,-83,30,-54,215,53,-37,87,80,55,85,70,204,23,-188,-47,-132,-243,-533,1072,-1255,295,480,104,-79,25,1885,418,-934,942,429,251,-442,1333,-217,-112,40,-136,-13,-40,8,-558,384,753,-396,598,-269,98,-43,291,566,603,592,376,153,68,67,-56,-68,-24,-68,-7,36,-7,18,-36,34,50,-11,11,-7,5,-4,19,-6,3,-15,-42,10,-10,2,-88,-8,-1,-35,-13,3,15,7,375,-1160,175,973,719,-305,-677,-277,-917,1084,49,95,-1,14,22,8,-191,-2231,151,228,311,-59,-58,-50,-672,421,1188,362,-35,207,161,-7,330,107,-390,355,117,-39,-11,18,-109,99,-20,-492,-46,-114,71,12
-395,-327,-227,91,48,8,4,66,-155,-105,-73,-62,-1,9,4,4,-5,-52,75,-56,-142,230,-56,-93,-100,-187,252,267,-52,-45,-14,-25,-81,159,37,-138,66,2,106,-56,493,-178,-454,473,-221,265,178,-237,-1350,-109,-203,-678,-80,112,281,-61,632,320,-236,23,87,-46,139,67,-98,248,-419,594,-370,78,99,-26,-51,74,75,-44,-71,-77,-32,-9,-21,15,0,-6,22,6,-4,-23,36,-43,-17,19,-3,2,-22,-22,101,13,-36,2,41,-25,13,-1,118,-9,-7,-5,16,6,7,3,-1117,302,266,37,-29,422,-25,-555,-1293,-465,203,-53,8,-17,-7,-15,411,357,352,-400,-365,127,-30,79,650,217,-262,143,37,128,-82,-41,163,-248,190,183,-464,-14,3,31,-136,55,-359,-24,83,-9,53,-38
321,259,-3,-165,-36,52,5,-54,16,40,-31,1,-24,-29,-22,-12,-6,-9,-60,103,19,-158,98,76,-82,118,191,-170,-198,84,-47,6,87,158,38,37,9,89,-18,5,-795,623,-182,-97,219,-371,84,-130,101,-357,233,81,-624,121,-2,26,608,194,-148,47,119,47,135,17,42,-166,375,-188,61,203,-146,38,-88,-29,-46,-17,-34,-40,-10,-19,45,15,-13,25,-16,-32,0,19,53,51,-2,7,9,-17,2,-9,-17,-31,-20,-8,-8,5,-5,-3,8,-1,4,-2,-6,-7,4,0,-260,116,-197,21,307,-63,-36,165,763,-259,-173,19,-18,-24,8,3,205,126,-148,160,229,31,-89,-46,-43,-320,210,-36,-130,-11,-64,51,50,-69,41,-249,-40,292,-48,17,-79,-11,-91,-14,-60,45,-41,-20
-207,-105,-33,52,64,-45,6,52,13,38,12,47,45,36,29,14,65,-72,-32,84,-85,44,-20,29,46,33,-64,-103,169,-38,18,46,201,-88,5,9,132,3,-110,26,-93,-141,463,-72,81,-330,-264,77,359,-140,818,-97,-565,-13,119,-141,315,284,-148,-38,84,-74,31,-21,-95,83,-136,85,99,-245,94,-81,-23,17,20,39,-15,-35,-46,-56,-30,9,14,8,-8,-18,-25,-4,0,-9,3,4,-15,-22,19,-13,6,-24,-1,31,9,-1,5,22,10,4,-10,14,-9,-8,-3,-3,136,-131,-1,-38,90,69,44,20,-78,258,-16,-6,-9,0,22,-9,-268,-184,-20,209,-264,-17,60,63,12,-41,-221,-102,16,-33,-1,-23,118,-63,16,99,197,-5,-43,-30,-96,-19,7,61,13,41,-8,52
127,48,37,-9,-37,-5,13,4,-4,19,13,14,17,-3,10,5,84,-42,-128,97,18,5,-62,23,116,81,-74,-119,-12,27,0,-38,22,4,54,-36,157,-1,-103,-7,210,-34,7,-374,189,65,-302,118,209,-156,139,188,181,-216,151,32,253,140,-108,-41,82,-43,19,42,-11,26,102,-14,-99,116,-56,-16,-27,-20,24,38,2,3,-18,-1,-32,5,17,31,15,-1,-1,-15,-19,-9,-43,-3,1,0,-15,4,3,7,-26,0,4,-9,4,5,2,-6,-1,2,-15,-5,-4,5,21,-57,-11,42,-13,-5,57,56,22,-52,42,-11,15,5,-10,-25,20,237,-82,-124,76,18,-28,-62,-49,-74,49,63,-110,5,-13,17,-15,-16,21,-23,-10,-53,-4,-19,32,-7,19,28,-38,4,31,-4
-3,-35,-29,-6,5,22,-1,-17,0,0,-29,-14,-14,-16,-18,-2,-39,9,18,9,-31,25,20,-17,71,-41,-131,-44,143,33,-79,42,-52,11,5,-55,-37,55,-24,-21,169,-189,166,-72,76,48,115,123,-145,4,81,180,189,-183,138,99,77,159,9,-30,102,-39,-8,18,-36,11,6,28,43,-45,4,14,5,-12,-2,8,-26,16,14,-8,15,-4,7,-1,-11,-2,7,13,21,-26,-6,-3,5,9,8,-15,12,1,2,-21,-4,-8,-3,8,-8,-4,-14,2,11,-15,-7,-7,-72,18,40,-39,-15,36,15,-8,-19,18,-4,-12,-1,4,-16,-6,-109,7,12,31,22,-77,43,25,35,4,-51,2,22,23,-9,2,-25,-32,-34,-7,14,30,-4,13,-12,11,-9,6,34,7,-10,-10
30206,-8717,1414,745,-1372,98,235,-164,38640,-3597,1301,2453,1493,548,101,-76,28285,9615,953,-893,-747,-385,566,70,14248,-541,-227,49,-305,323,-90,-50,17752,-1062,203,-275,-1812,-353,939,-413,17637,-192,182,-805,90,490,-107,-151,18157,3505,-102,-887,-184,-203,-120,-34,19494,-3254,-11,16,95,25,-27,-46,28825,-1300,671,-183,-195,11,35,7,34310,-426,-112,5,8,-36,18,11,36143,-328,-65,-6,-77,44,29,-9,36437,-47,39,-8,36,-9,-2,4,39072,-1138,129,-128,81,-60,10,-19,46808,-1917,-5,-180,5,-6,32,-43,46617,5528,-4160,1644,-344,-126,-53,116,25511,-477,-321,-108,-108,-61,-8,4,31417,-2744,-1538,1593,377,-204,-157,-65,22368,1441,1729,585,61,52,-15,-7,23602,-1148,212,120,-206,76,61,-30,19201,1909,1071,107,-12,-4,-11,1
1634,1307,-974,-229,296,-96,-205,121,-1147,-1049,-794,-242,161,313,287,165,1049,-176,-806,502,49,-256,209,111,-782,252,141,47,-49,118,-91,-38,-1301,223,-715,139,292,593,-232,223,-929,-643,-160,113,-592,-732,55,229,519,1272,753,-28,-138,133,-288,-246,-3201,-80,531,152,58,-32,0,-6,-2424,-410,836,-35,-85,54,40,-14,204,-47,-30,-59,-12,-3,-11,26,39,93,-68,1,-2,1,-1,-6,-510,24,72,-15,60,-10,10,-3,212,-157,-18,17,-30,-14,2,-27,1011,-95,-95,-24,-16,-1,-40,-1,-1713,1829,-305,-840,1272,-891,273,-2,-679,1204,-169,138,-15,20,6,18,1300,-2651,-1214,912,399,-149,-155,-63,-291,818,944,166,-4,-152,-7,0,-1043,849,783,-662,-25,-77,39,-44,1403,1235,-514,-260,-169,-40,-22,-33
478,-112,314,340,-76,-6,80,-72,253,249,91,51,17,-12,-58,-39,79,-214,-11,337,-40,-317,50,133,-14,67,-20,58,13,-286,158,-54,-567,911,-188,312,400,-417,-116,-285,62,417,252,20,972,22,-572,-426,340,-683,-619,199,427,120,279,4,1140,0,196,-62,-17,-26,-7,-27,-739,446,867,-121,-92,64,43,-3,37,30,0,59,-2,-30,1,-12,-109,32,-37,-10,-11,7,19,-3,31,-141,-7,7,36,-20,19,34,238,26,-25,9,5,-4,-28,13,77,14,-8,18,-9,23,20,-14,19,-387,733,-828,493,124,-512,392,-473,318,173,104,-43,9,-14,36,1494,-1825,-18,101,260,46,-82,-44,386,1297,631,248,-45,-41,5,7,470,603,-1180,-218,29,28,-24,-17,173,-979,-136,-158,60,-59,-7,-18
-75,-146,289,202,184,84,-38,19,68,42,37,63,26,43,45,18,84,-70,100,28,-143,137,-61,-24,-83,-96,129,-113,99,-148,132,36,-271,-437,261,-493,216,-138,295,172,-163,-229,181,-335,40,917,288,167,-83,336,-263,-551,-165,83,-15,67,451,-534,73,-143,-22,28,44,-42,328,818,584,-257,-173,46,4,-6,-15,-15,-4,-20,21,-17,-11,-4,-42,43,15,5,9,6,48,-10,42,-26,-20,-15,43,-7,-44,-12,-22,25,12,-21,-18,18,-8,-4,105,36,-44,-31,7,-4,0,-9,-255,189,-32,11,-217,386,-359,209,-1,-28,-125,-24,-51,21,-62,-10,-873,-207,462,-697,392,-25,72,-54,1122,1154,256,328,-273,-78,-48,12,-135,-563,-270,-3,-59,-63,-25,25,-292,417,-105,-21,77,-193,13,-16
-477,48,22,68,89,69,18,18,-158,-159,-102,-77,-52,3,-15,8,-26,50,15,-120,5,106,0,-132,78,18,-83,46,-100,183,-136,115,47,66,188,213,129,154,-315,-6,-175,21,-204,-205,-516,-174,179,-160,673,87,132,181,-122,59,116,-110,-502,132,359,-88,55,-5,41,-49,560,667,156,-381,-154,36,28,-41,-54,-2,-33,1,5,-41,20,-2,-3,-4,3,8,1,15,-8,-5,-60,-27,-7,1,-26,19,9,-13,30,4,-30,28,-10,-15,18,12,56,26,1,12,-32,-10,-18,12,28,-79,126,-169,59,-10,21,-21,-62,93,79,11,119,-27,-7,18,-710,403,27,-220,203,-75,118,-43,580,245,421,-252,-352,18,-62,17,-155,-30,-122,15,-30,93,48,-11,107,-112,-134,31,-160,-46,33,-27
-30,-154,9,74,-57,-47,23,21,63,66,40,22,-32,-30,-9,-22,68,54,-134,-81,70,147,-122,-59,40,40,45,5,-17,-105,14,-41,131,-53,-128,-12,-48,81,-44,88,-82,-125,169,399,542,-99,344,21,238,375,-166,-168,34,-305,-136,204,-560,440,23,-100,5,-42,2,-35,223,207,-216,-459,-92,37,32,-9,0,8,20,21,-1,13,2,-14,22,-14,16,8,15,-27,-11,7,2,-18,19,7,-26,2,2,19,30,-15,-1,-46,-5,20,-12,16,88,30,-3,-9,-16,-14,2,-1,-43,59,13,-15,-24,61,-37,-11,-107,-17,-96,-35,-53,4,-7,-26,-345,156,-154,35,110,-99,19,-37,457,168,-39,-318,-7,2,-50,11,-18,-90,0,45,114,101,4,-23,-40,25,15,-39,-35,-12,69,9
-62,-12,132,-65,-93,-1,-42,-3,-8,-36,-22,11,31,53,40,20,-140,-51,139,142,-121,-132,94,34,-19,18,45,-74,-10,7,-21,-4,42,87,4,-102,61,-59,-9,-46,-57,-19,-54,-225,147,-100,-48,46,-145,-124,279,151,-241,-265,-213,-105,-95,187,-232,102,2,10,3,-2,-21,-52,-326,-342,5,41,35,-13,24,-4,29,-3,-19,4,-25,12,-20,-16,-17,3,-11,-17,-12,-11,8,12,-1,1,-1,1,-10,-7,7,25,24,1,-14,-14,-16,17,10,15,24,-9,-1,-3,-13,3,-27,-9,50,-63,7,10,13,-28,24,41,58,10,22,38,3,18,82,8,-231,136,21,4,5,-38,77,18,-52,-58,-77,-70,-5,16,-52,20,-12,-5,2,48,-25,9,-24,-39,-67,3,-73,22,35,-5
-14,80,-5,-10,-1,-24,19,8,-60,-23,-58,-34,-50,-39,-19,-10,130,-11,-145,-12,40,40,15,-56,79,35,-18,49,-17,33,-33,28,-77,86,-55,-7,-24,27,-56,43,-42,7,-61,2,36,14,-13,68,84,95,-93,182,250,-32,-304,-171,109,10,-185,100,-18,-15,-37,-26,-108,-120,-182,-164,3,59,39,-3,9,-7,6,-31,26,-8,3,12,34,20,20,19,7,0,2,15,6,11,-13,-3,-11,-10,-12,3,-2,-3,14,-18,0,-13,-3,4,-27,-14,-8,14,2,3,-2,10,9,3,5,-22,-12,17,-15,8,-40,-6,-24,16,-25,11,3,-2,80,-50,-54,52,-21,60,-28,-17,68,-9,-15,-98,9,-15,-19,10,23,24,2,-17,15,-14,21,2,21,-23,29,-35,-26,26,9,-29
