<?xml version="1.0" encoding="UTF-8"?>
<GenRun Id="BRAM_IP_synth_1" LaunchPart="xc7a35tcpg236-1" LaunchTime="1543280151">
  <File Type="RDS-UTIL" Name="BRAM_IP_utilization_synth.rpt"/>
  <File Type="RDS-UTIL-PB" Name="BRAM_IP_utilization_synth.pb"/>
  <File Type="RDS-RDS" Name="BRAM_IP.vds"/>
  <File Type="RDS-DCP" Name="BRAM_IP.dcp"/>
  <File Type="PA-TCL" Name="BRAM_IP.tcl"/>
  <File Type="REPORTS-TCL" Name="BRAM_IP_reports.tcl"/>
  <FileSet Name="sources" Type="BlockSrcs" RelSrcDir="$PSRCDIR/BRAM_IP">
    <File Path="$PSRCDIR/sources_1/ip/BRAM_IP/BRAM_IP.xci">
      <FileInfo>
        <Attr Name="UsedIn" Val="synthesis"/>
        <Attr Name="UsedIn" Val="implementation"/>
        <Attr Name="UsedIn" Val="simulation"/>
      </FileInfo>
    </File>
    <Config>
      <Option Name="TopModule" Val="BRAM_IP"/>
      <Option Name="UseBlackboxStub" Val="1"/>
    </Config>
  </FileSet>
  <FileSet Name="constrs_in" Type="BlockSrcs" RelSrcDir="$PSRCDIR/BRAM_IP">
    <File Path="$PSRCDIR/sources_1/ip/BRAM_IP/BRAM_IP.xci">
      <FileInfo>
        <Attr Name="UsedIn" Val="synthesis"/>
        <Attr Name="UsedIn" Val="implementation"/>
        <Attr Name="UsedIn" Val="simulation"/>
      </FileInfo>
    </File>
    <Config>
      <Option Name="TopModule" Val="BRAM_IP"/>
      <Option Name="UseBlackboxStub" Val="1"/>
    </Config>
  </FileSet>
  <Strategy Version="1" Minor="2">
    <StratHandle Name="Vivado Synthesis Defaults" Flow="Vivado Synthesis 2017"/>
    <Step Id="synth_design"/>
  </Strategy>
</GenRun>
