<?xml version="1.0" encoding="UTF-8"?>
<!-- Product Version: Vivado v2017.4 (64-bit)                     -->
<!--                                                              -->
<!-- Copyright 1986-2017 Xilinx, Inc. All Rights Reserved.        -->

<hwsession version="1" minor="2">
  <device name="xc7a35t_0" gui_info="dashboard1=hw_ila_1[xc7a35t_0/hw_ila_1/Settings=ILA_SETTINGS_1;xc7a35t_0/hw_ila_1/Status=ILA_STATUS_1;xc7a35t_0/hw_ila_1/Trigger Setup=ILA_TRIGGER_1;xc7a35t_0/hw_ila_1/Waveform=ILA_WAVE_1;xc7a35t_0/hw_ila_1/Capture Setup=ILA_CAPTURE_1;]"/>
  <ObjectList object_type="hw_device" gui_info="">
    <Object name="xc7a35t_0" gui_info="">
      <Properties Property="FULL_PROBES.FILE" value="$_project_name_.runs/impl_1/toplevel.ltx"/>
      <Properties Property="PROBES.FILE" value="$_project_name_.runs/impl_1/toplevel.ltx"/>
      <Properties Property="PROGRAM.HW_BITSTREAM" value="$_project_name_.runs/impl_1/toplevel.bit"/>
      <Properties Property="SLR.COUNT" value="1"/>
    </Object>
  </ObjectList>
  <ObjectList object_type="hw_ila" gui_info="">
    <Object name="" gui_info="">
      <Properties Property="CONTROL.TRIGGER_CONDITION" value="AND"/>
      <Properties Property="CORE_REFRESH_RATE_MS" value="500"/>
    </Object>
    <Object name="u_ila_0" gui_info="">
      <Properties Property="CONTROL.CAPTURE_MODE" value="BASIC"/>
      <Properties Property="CONTROL.TRIGGER_CONDITION" value="AND"/>
      <Properties Property="CONTROL.TRIGGER_POSITION" value="0"/>
      <Properties Property="CORE_REFRESH_RATE_MS" value="500"/>
    </Object>
    <Object name="u_ila_1" gui_info="">
      <Properties Property="CONTROL.TRIGGER_CONDITION" value="AND"/>
      <Properties Property="CONTROL.TRIGGER_POSITION" value="0"/>
      <Properties Property="CORE_REFRESH_RATE_MS" value="500"/>
    </Object>
  </ObjectList>
  <ObjectList object_type="hw_probe" gui_info="">
    <Object name="DCT_RAM_INPORT_addr_wire[14:0]" gui_info=""/>
    <Object name="DCT_RAM_INPORT_addr_wire[14:10]" gui_info="Trigger Setup=0"/>
    <Object name="DCT_RAM_INPORT_write_wire" gui_info="Capture Setup=0,Trigger Setup=2"/>
    <Object name="DCT_RAM_OUTPORT_addr_wire[14:0]" gui_info=""/>
    <Object name="DCT_RAM_OUTPORT_data_wire[17:0]" gui_info="Trigger Setup=0"/>
    <Object name="toplevel_DCT_inst/dct_8x8_mac_inst/DCT_RAM_addr_out[9:0]" gui_info="Trigger Setup=1"/>
    <Object name="toplevel_DCT_inst/dct_8x8_mac_inst/in_valid" gui_info=""/>
    <Object name="toplevel_DCT_inst/dct_8x8_mac_inst/k_reg[2:0]" gui_info=""/>
    <Object name="toplevel_DCT_inst/dct_8x8_mac_inst/l_reg[2:0]" gui_info=""/>
    <Object name="toplevel_DCT_inst/dct_8x8_mac_inst/m_reg[2:0]" gui_info=""/>
    <Object name="toplevel_DCT_inst/dct_8x8_mac_inst/n_reg[2:0]" gui_info=""/>
    <Object name="toplevel_DCT_inst/dct_8x8_mac_inst/valid_load_mac_wire" gui_info=""/>
  </ObjectList>
  <probeset name="hw project" active="false">
    <probe type="ila" busType="net" source="netlist" spec="ILA_V2_RT">
      <probeOptions Id="DebugProbeParams">
        <Option Id="CAPTURE_COMPARE_VALUE" value="eq8&apos;hXX"/>
        <Option Id="COMPARE_VALUE.0" value="eq8&apos;hXX"/>
        <Option Id="DISPLAY_AS_ENUM" value="1"/>
        <Option Id="DISPLAY_HINT" value=""/>
        <Option Id="DISPLAY_RADIX" value="UNSIGNED"/>
        <Option Id="DISPLAY_VISIBILITY" value=""/>
        <Option Id="HW_ILA" value="hw_ila_1"/>
        <Option Id="LINK_TO_WAVEFORM" value="1"/>
        <Option Id="MAP" value="probe1[7:0]"/>
        <Option Id="NAME.CUSTOM" value=""/>
        <Option Id="NAME.SELECT" value="Long"/>
        <Option Id="SOURCE" value="netlist"/>
        <Option Id="TRIGGER_COMPARE_VALUE" value="eq8&apos;hXX"/>
        <Option Id="WAVEFORM_STYLE" value="Digital"/>
      </probeOptions>
      <nets>
        <net name="BROM_data_wire[7]"/>
        <net name="BROM_data_wire[6]"/>
        <net name="BROM_data_wire[5]"/>
        <net name="BROM_data_wire[4]"/>
        <net name="BROM_data_wire[3]"/>
        <net name="BROM_data_wire[2]"/>
        <net name="BROM_data_wire[1]"/>
        <net name="BROM_data_wire[0]"/>
      </nets>
    </probe>
    <probe type="ila" busType="bus" source="netlist" spec="ILA_V2_RT">
      <probeOptions Id="DebugProbeParams">
        <Option Id="CAPTURE_COMPARE_VALUE" value="eq5&apos;hXX"/>
        <Option Id="COMPARE_VALUE.0" value="eq5&apos;u0"/>
        <Option Id="DISPLAY_AS_ENUM" value="1"/>
        <Option Id="DISPLAY_HINT" value=""/>
        <Option Id="DISPLAY_RADIX" value="UNSIGNED"/>
        <Option Id="DISPLAY_VISIBILITY" value=""/>
        <Option Id="HW_ILA" value="hw_ila_1"/>
        <Option Id="LINK_TO_WAVEFORM" value="1"/>
        <Option Id="MAP" value="probe10[14:10]"/>
        <Option Id="NAME.CUSTOM" value=""/>
        <Option Id="NAME.SELECT" value="Long"/>
        <Option Id="SOURCE" value="netlist"/>
        <Option Id="TRIGGER_COMPARE_VALUE" value="eq5&apos;u0"/>
        <Option Id="WAVEFORM_STYLE" value="Digital"/>
      </probeOptions>
      <nets>
        <net name="DCT_RAM_INPORT_addr_wire[14]"/>
        <net name="DCT_RAM_INPORT_addr_wire[13]"/>
        <net name="DCT_RAM_INPORT_addr_wire[12]"/>
        <net name="DCT_RAM_INPORT_addr_wire[11]"/>
        <net name="DCT_RAM_INPORT_addr_wire[10]"/>
      </nets>
    </probe>
    <probe type="ila_data" busType="net" source="netlist" spec="ILA_DATA_V2_RT">
      <probeOptions Id="DebugProbeParams">
        <Option Id="DISPLAY_AS_ENUM" value="1"/>
        <Option Id="DISPLAY_HINT" value=""/>
        <Option Id="DISPLAY_RADIX" value="UNSIGNED"/>
        <Option Id="DISPLAY_VISIBILITY" value=""/>
        <Option Id="HW_ILA" value="hw_ila_1"/>
        <Option Id="LINK_TO_WAVEFORM" value="1"/>
        <Option Id="MAP" value="probe10[14:0]"/>
        <Option Id="NAME.CUSTOM" value=""/>
        <Option Id="NAME.SELECT" value="Long"/>
        <Option Id="SOURCE" value="netlist"/>
        <Option Id="WAVEFORM_STYLE" value="Digital"/>
      </probeOptions>
      <nets>
        <net name="DCT_RAM_INPORT_addr_wire[14]"/>
        <net name="DCT_RAM_INPORT_addr_wire[13]"/>
        <net name="DCT_RAM_INPORT_addr_wire[12]"/>
        <net name="DCT_RAM_INPORT_addr_wire[11]"/>
        <net name="DCT_RAM_INPORT_addr_wire[10]"/>
        <net name="DCT_RAM_INPORT_addr_wire[9]"/>
        <net name="DCT_RAM_INPORT_addr_wire[8]"/>
        <net name="DCT_RAM_INPORT_addr_wire[7]"/>
        <net name="DCT_RAM_INPORT_addr_wire[6]"/>
        <net name="DCT_RAM_INPORT_addr_wire[5]"/>
        <net name="DCT_RAM_INPORT_addr_wire[4]"/>
        <net name="DCT_RAM_INPORT_addr_wire[3]"/>
        <net name="DCT_RAM_INPORT_addr_wire[2]"/>
        <net name="DCT_RAM_INPORT_addr_wire[1]"/>
        <net name="DCT_RAM_INPORT_addr_wire[0]"/>
      </nets>
    </probe>
    <probe type="ila_data" busType="net" source="netlist" spec="ILA_DATA_V2_RT">
      <probeOptions Id="DebugProbeParams">
        <Option Id="DISPLAY_AS_ENUM" value="1"/>
        <Option Id="DISPLAY_HINT" value=""/>
        <Option Id="DISPLAY_RADIX" value="SIGNED"/>
        <Option Id="DISPLAY_VISIBILITY" value=""/>
        <Option Id="HW_ILA" value="hw_ila_1"/>
        <Option Id="LINK_TO_WAVEFORM" value="1"/>
        <Option Id="MAP" value="probe8[17:0]"/>
        <Option Id="NAME.CUSTOM" value=""/>
        <Option Id="NAME.SELECT" value="Long"/>
        <Option Id="SOURCE" value="netlist"/>
        <Option Id="WAVEFORM_STYLE" value="Digital"/>
      </probeOptions>
      <nets>
        <net name="DCT_RAM_INPORT_data_wire[17]"/>
        <net name="DCT_RAM_INPORT_data_wire[16]"/>
        <net name="DCT_RAM_INPORT_data_wire[15]"/>
        <net name="DCT_RAM_INPORT_data_wire[14]"/>
        <net name="DCT_RAM_INPORT_data_wire[13]"/>
        <net name="DCT_RAM_INPORT_data_wire[12]"/>
        <net name="DCT_RAM_INPORT_data_wire[11]"/>
        <net name="DCT_RAM_INPORT_data_wire[10]"/>
        <net name="DCT_RAM_INPORT_data_wire[9]"/>
        <net name="DCT_RAM_INPORT_data_wire[8]"/>
        <net name="DCT_RAM_INPORT_data_wire[7]"/>
        <net name="DCT_RAM_INPORT_data_wire[6]"/>
        <net name="DCT_RAM_INPORT_data_wire[5]"/>
        <net name="DCT_RAM_INPORT_data_wire[4]"/>
        <net name="DCT_RAM_INPORT_data_wire[3]"/>
        <net name="DCT_RAM_INPORT_data_wire[2]"/>
        <net name="DCT_RAM_INPORT_data_wire[1]"/>
        <net name="DCT_RAM_INPORT_data_wire[0]"/>
      </nets>
    </probe>
    <probe type="ila" busType="net" source="netlist" spec="ILA_V2_RT">
      <probeOptions Id="DebugProbeParams">
        <Option Id="CAPTURE_COMPARE_VALUE" value="eq1&apos;b1"/>
        <Option Id="COMPARE_VALUE.0" value="eq1&apos;b1"/>
        <Option Id="DISPLAY_AS_ENUM" value="1"/>
        <Option Id="DISPLAY_HINT" value=""/>
        <Option Id="DISPLAY_RADIX" value="HEX"/>
        <Option Id="DISPLAY_VISIBILITY" value=""/>
        <Option Id="HW_ILA" value="hw_ila_1"/>
        <Option Id="LINK_TO_WAVEFORM" value="1"/>
        <Option Id="MAP" value="probe12[0]"/>
        <Option Id="NAME.CUSTOM" value=""/>
        <Option Id="NAME.SELECT" value="Long"/>
        <Option Id="SOURCE" value="netlist"/>
        <Option Id="TRIGGER_COMPARE_VALUE" value="eq1&apos;b1"/>
        <Option Id="WAVEFORM_STYLE" value="Digital"/>
      </probeOptions>
      <nets>
        <net name="DCT_RAM_INPORT_write_wire"/>
      </nets>
    </probe>
    <probe type="ila" busType="net" source="netlist" spec="ILA_V2_RT">
      <probeOptions Id="DebugProbeParams">
        <Option Id="CAPTURE_COMPARE_VALUE" value="eq15&apos;hXXXX"/>
        <Option Id="COMPARE_VALUE.0" value="eq15&apos;hXXXX"/>
        <Option Id="DISPLAY_AS_ENUM" value="1"/>
        <Option Id="DISPLAY_HINT" value=""/>
        <Option Id="DISPLAY_RADIX" value="UNSIGNED"/>
        <Option Id="DISPLAY_VISIBILITY" value=""/>
        <Option Id="HW_ILA" value="hw_ila_1"/>
        <Option Id="LINK_TO_WAVEFORM" value="1"/>
        <Option Id="MAP" value="probe0[14:0]"/>
        <Option Id="NAME.CUSTOM" value=""/>
        <Option Id="NAME.SELECT" value="Long"/>
        <Option Id="SOURCE" value="netlist"/>
        <Option Id="TRIGGER_COMPARE_VALUE" value="eq15&apos;hXXXX"/>
        <Option Id="WAVEFORM_STYLE" value="Digital"/>
      </probeOptions>
      <nets>
        <net name="DCT_RAM_OUTPORT_addr_wire[14]"/>
        <net name="DCT_RAM_OUTPORT_addr_wire[13]"/>
        <net name="DCT_RAM_OUTPORT_addr_wire[12]"/>
        <net name="DCT_RAM_OUTPORT_addr_wire[11]"/>
        <net name="DCT_RAM_OUTPORT_addr_wire[10]"/>
        <net name="DCT_RAM_OUTPORT_addr_wire[9]"/>
        <net name="DCT_RAM_OUTPORT_addr_wire[8]"/>
        <net name="DCT_RAM_OUTPORT_addr_wire[7]"/>
        <net name="DCT_RAM_OUTPORT_addr_wire[6]"/>
        <net name="DCT_RAM_OUTPORT_addr_wire[5]"/>
        <net name="DCT_RAM_OUTPORT_addr_wire[4]"/>
        <net name="DCT_RAM_OUTPORT_addr_wire[3]"/>
        <net name="DCT_RAM_OUTPORT_addr_wire[2]"/>
        <net name="DCT_RAM_OUTPORT_addr_wire[1]"/>
        <net name="DCT_RAM_OUTPORT_addr_wire[0]"/>
      </nets>
    </probe>
    <probe type="ila" busType="net" source="netlist" spec="ILA_V2_RT">
      <probeOptions Id="DebugProbeParams">
        <Option Id="CAPTURE_COMPARE_VALUE" value="eq5&apos;hXX"/>
        <Option Id="COMPARE_VALUE.0" value="eq5&apos;hXX"/>
        <Option Id="DISPLAY_AS_ENUM" value="1"/>
        <Option Id="DISPLAY_HINT" value=""/>
        <Option Id="DISPLAY_RADIX" value="HEX"/>
        <Option Id="DISPLAY_VISIBILITY" value=""/>
        <Option Id="HW_ILA" value="hw_ila_1"/>
        <Option Id="LINK_TO_WAVEFORM" value="1"/>
        <Option Id="MAP" value="probe0[14:10]"/>
        <Option Id="NAME.CUSTOM" value=""/>
        <Option Id="NAME.SELECT" value="Long"/>
        <Option Id="SOURCE" value="netlist"/>
        <Option Id="TRIGGER_COMPARE_VALUE" value="eq5&apos;hXX"/>
        <Option Id="WAVEFORM_STYLE" value="Digital"/>
      </probeOptions>
      <nets>
        <net name="DCT_RAM_OUTPORT_addr_wire_1[14]"/>
        <net name="DCT_RAM_OUTPORT_addr_wire_1[13]"/>
        <net name="DCT_RAM_OUTPORT_addr_wire_1[12]"/>
        <net name="DCT_RAM_OUTPORT_addr_wire_1[11]"/>
        <net name="DCT_RAM_OUTPORT_addr_wire_1[10]"/>
      </nets>
    </probe>
    <probe type="ila" busType="net" source="netlist" spec="ILA_V2_RT">
      <probeOptions Id="DebugProbeParams">
        <Option Id="CAPTURE_COMPARE_VALUE" value="eq18&apos;hX_XXXX"/>
        <Option Id="COMPARE_VALUE.0" value="eq18&apos;u39985"/>
        <Option Id="DISPLAY_AS_ENUM" value="1"/>
        <Option Id="DISPLAY_HINT" value=""/>
        <Option Id="DISPLAY_RADIX" value="SIGNED"/>
        <Option Id="DISPLAY_VISIBILITY" value=""/>
        <Option Id="HW_ILA" value="hw_ila_1"/>
        <Option Id="LINK_TO_WAVEFORM" value="1"/>
        <Option Id="MAP" value="probe1[17:0]"/>
        <Option Id="NAME.CUSTOM" value=""/>
        <Option Id="NAME.SELECT" value="Long"/>
        <Option Id="SOURCE" value="netlist"/>
        <Option Id="TRIGGER_COMPARE_VALUE" value="eq18&apos;u39985"/>
        <Option Id="WAVEFORM_STYLE" value="Digital"/>
      </probeOptions>
      <nets>
        <net name="DCT_RAM_OUTPORT_data_wire[17]"/>
        <net name="DCT_RAM_OUTPORT_data_wire[16]"/>
        <net name="DCT_RAM_OUTPORT_data_wire[15]"/>
        <net name="DCT_RAM_OUTPORT_data_wire[14]"/>
        <net name="DCT_RAM_OUTPORT_data_wire[13]"/>
        <net name="DCT_RAM_OUTPORT_data_wire[12]"/>
        <net name="DCT_RAM_OUTPORT_data_wire[11]"/>
        <net name="DCT_RAM_OUTPORT_data_wire[10]"/>
        <net name="DCT_RAM_OUTPORT_data_wire[9]"/>
        <net name="DCT_RAM_OUTPORT_data_wire[8]"/>
        <net name="DCT_RAM_OUTPORT_data_wire[7]"/>
        <net name="DCT_RAM_OUTPORT_data_wire[6]"/>
        <net name="DCT_RAM_OUTPORT_data_wire[5]"/>
        <net name="DCT_RAM_OUTPORT_data_wire[4]"/>
        <net name="DCT_RAM_OUTPORT_data_wire[3]"/>
        <net name="DCT_RAM_OUTPORT_data_wire[2]"/>
        <net name="DCT_RAM_OUTPORT_data_wire[1]"/>
        <net name="DCT_RAM_OUTPORT_data_wire[0]"/>
      </nets>
    </probe>
    <probe type="ila" busType="net" source="netlist" spec="ILA_V2_RT">
      <probeOptions Id="DebugProbeParams">
        <Option Id="CAPTURE_COMPARE_VALUE" value="eq10&apos;hXXX"/>
        <Option Id="COMPARE_VALUE.0" value="eq10&apos;hXXX"/>
        <Option Id="DISPLAY_AS_ENUM" value="1"/>
        <Option Id="DISPLAY_HINT" value=""/>
        <Option Id="DISPLAY_RADIX" value="HEX"/>
        <Option Id="DISPLAY_VISIBILITY" value=""/>
        <Option Id="HW_ILA" value="hw_ila_1"/>
        <Option Id="LINK_TO_WAVEFORM" value="1"/>
        <Option Id="MAP" value="probe0[9:0]"/>
        <Option Id="NAME.CUSTOM" value=""/>
        <Option Id="NAME.SELECT" value="Long"/>
        <Option Id="SOURCE" value="netlist"/>
        <Option Id="TRIGGER_COMPARE_VALUE" value="eq10&apos;hXXX"/>
        <Option Id="WAVEFORM_STYLE" value="Digital"/>
      </probeOptions>
      <nets>
        <net name="dct_RAM_dual_port/addrb[9]"/>
        <net name="dct_RAM_dual_port/addrb[8]"/>
        <net name="dct_RAM_dual_port/addrb[7]"/>
        <net name="dct_RAM_dual_port/addrb[6]"/>
        <net name="dct_RAM_dual_port/addrb[5]"/>
        <net name="dct_RAM_dual_port/addrb[4]"/>
        <net name="dct_RAM_dual_port/addrb[3]"/>
        <net name="dct_RAM_dual_port/addrb[2]"/>
        <net name="dct_RAM_dual_port/addrb[1]"/>
        <net name="dct_RAM_dual_port/addrb[0]"/>
      </nets>
    </probe>
    <probe type="ila" busType="net" source="netlist" spec="ILA_V2_RT">
      <probeOptions Id="DebugProbeParams">
        <Option Id="CAPTURE_COMPARE_VALUE" value="eq1&apos;bX"/>
        <Option Id="COMPARE_VALUE.0" value="eq1&apos;bX"/>
        <Option Id="DISPLAY_AS_ENUM" value="1"/>
        <Option Id="DISPLAY_HINT" value=""/>
        <Option Id="DISPLAY_RADIX" value="HEX"/>
        <Option Id="DISPLAY_VISIBILITY" value=""/>
        <Option Id="HW_ILA" value="hw_ila_1"/>
        <Option Id="LINK_TO_WAVEFORM" value="1"/>
        <Option Id="MAP" value="probe3[0]"/>
        <Option Id="NAME.CUSTOM" value=""/>
        <Option Id="NAME.SELECT" value="Long"/>
        <Option Id="SOURCE" value="netlist"/>
        <Option Id="TRIGGER_COMPARE_VALUE" value="eq1&apos;bX"/>
        <Option Id="WAVEFORM_STYLE" value="Digital"/>
      </probeOptions>
      <nets>
        <net name="toplevel_DCT_inst/dct_8x8_mac_inst/ARG_n_80"/>
      </nets>
    </probe>
    <probe type="ila" busType="bus" source="netlist" spec="ILA_V2_RT">
      <probeOptions Id="DebugProbeParams">
        <Option Id="CAPTURE_COMPARE_VALUE" value="eq10&apos;hXXX"/>
        <Option Id="COMPARE_VALUE.0" value="eq10&apos;u0"/>
        <Option Id="DISPLAY_AS_ENUM" value="1"/>
        <Option Id="DISPLAY_HINT" value=""/>
        <Option Id="DISPLAY_RADIX" value="UNSIGNED"/>
        <Option Id="DISPLAY_VISIBILITY" value=""/>
        <Option Id="HW_ILA" value="hw_ila_1"/>
        <Option Id="LINK_TO_WAVEFORM" value="1"/>
        <Option Id="MAP" value="probe10[9:0]"/>
        <Option Id="NAME.CUSTOM" value=""/>
        <Option Id="NAME.SELECT" value="Long"/>
        <Option Id="SOURCE" value="netlist"/>
        <Option Id="TRIGGER_COMPARE_VALUE" value="eq10&apos;u0"/>
        <Option Id="WAVEFORM_STYLE" value="Digital"/>
      </probeOptions>
      <nets>
        <net name="toplevel_DCT_inst/dct_8x8_mac_inst/DCT_RAM_addr_out[9]"/>
        <net name="toplevel_DCT_inst/dct_8x8_mac_inst/DCT_RAM_addr_out[8]"/>
        <net name="toplevel_DCT_inst/dct_8x8_mac_inst/DCT_RAM_addr_out[7]"/>
        <net name="toplevel_DCT_inst/dct_8x8_mac_inst/DCT_RAM_addr_out[6]"/>
        <net name="toplevel_DCT_inst/dct_8x8_mac_inst/DCT_RAM_addr_out[5]"/>
        <net name="toplevel_DCT_inst/dct_8x8_mac_inst/DCT_RAM_addr_out[4]"/>
        <net name="toplevel_DCT_inst/dct_8x8_mac_inst/DCT_RAM_addr_out[3]"/>
        <net name="toplevel_DCT_inst/dct_8x8_mac_inst/DCT_RAM_addr_out[2]"/>
        <net name="toplevel_DCT_inst/dct_8x8_mac_inst/DCT_RAM_addr_out[1]"/>
        <net name="toplevel_DCT_inst/dct_8x8_mac_inst/DCT_RAM_addr_out[0]"/>
      </nets>
    </probe>
    <probe type="ila_data" busType="bus" source="netlist" spec="ILA_DATA_V2_RT">
      <probeOptions Id="DebugProbeParams">
        <Option Id="DISPLAY_AS_ENUM" value="1"/>
        <Option Id="DISPLAY_HINT" value=""/>
        <Option Id="DISPLAY_RADIX" value="SIGNED"/>
        <Option Id="DISPLAY_VISIBILITY" value=""/>
        <Option Id="HW_ILA" value="hw_ila_1"/>
        <Option Id="LINK_TO_WAVEFORM" value="1"/>
        <Option Id="MAP" value="probe8[17:0]"/>
        <Option Id="NAME.CUSTOM" value=""/>
        <Option Id="NAME.SELECT" value="Long"/>
        <Option Id="SOURCE" value="netlist"/>
        <Option Id="WAVEFORM_STYLE" value="Digital"/>
      </probeOptions>
      <nets>
        <net name="toplevel_DCT_inst/dct_8x8_mac_inst/DCT_val_out[17]"/>
        <net name="toplevel_DCT_inst/dct_8x8_mac_inst/DCT_val_out[16]"/>
        <net name="toplevel_DCT_inst/dct_8x8_mac_inst/DCT_val_out[15]"/>
        <net name="toplevel_DCT_inst/dct_8x8_mac_inst/DCT_val_out[14]"/>
        <net name="toplevel_DCT_inst/dct_8x8_mac_inst/DCT_val_out[13]"/>
        <net name="toplevel_DCT_inst/dct_8x8_mac_inst/DCT_val_out[12]"/>
        <net name="toplevel_DCT_inst/dct_8x8_mac_inst/DCT_val_out[11]"/>
        <net name="toplevel_DCT_inst/dct_8x8_mac_inst/DCT_val_out[10]"/>
        <net name="toplevel_DCT_inst/dct_8x8_mac_inst/DCT_val_out[9]"/>
        <net name="toplevel_DCT_inst/dct_8x8_mac_inst/DCT_val_out[8]"/>
        <net name="toplevel_DCT_inst/dct_8x8_mac_inst/DCT_val_out[7]"/>
        <net name="toplevel_DCT_inst/dct_8x8_mac_inst/DCT_val_out[6]"/>
        <net name="toplevel_DCT_inst/dct_8x8_mac_inst/DCT_val_out[5]"/>
        <net name="toplevel_DCT_inst/dct_8x8_mac_inst/DCT_val_out[4]"/>
        <net name="toplevel_DCT_inst/dct_8x8_mac_inst/DCT_val_out[3]"/>
        <net name="toplevel_DCT_inst/dct_8x8_mac_inst/DCT_val_out[2]"/>
        <net name="toplevel_DCT_inst/dct_8x8_mac_inst/DCT_val_out[1]"/>
        <net name="toplevel_DCT_inst/dct_8x8_mac_inst/DCT_val_out[0]"/>
      </nets>
    </probe>
    <probe type="ila_data" busType="bus" source="netlist" spec="ILA_DATA_V2_RT">
      <probeOptions Id="DebugProbeParams">
        <Option Id="DISPLAY_AS_ENUM" value="1"/>
        <Option Id="DISPLAY_HINT" value=""/>
        <Option Id="DISPLAY_RADIX" value="HEX"/>
        <Option Id="DISPLAY_VISIBILITY" value=""/>
        <Option Id="HW_ILA" value="hw_ila_1"/>
        <Option Id="LINK_TO_WAVEFORM" value="1"/>
        <Option Id="MAP" value="probe7[8:0]"/>
        <Option Id="NAME.CUSTOM" value=""/>
        <Option Id="NAME.SELECT" value="Long"/>
        <Option Id="SOURCE" value="netlist"/>
        <Option Id="WAVEFORM_STYLE" value="Digital"/>
      </probeOptions>
      <nets>
        <net name="toplevel_DCT_inst/dct_8x8_mac_inst/cosLUT_mk[8]"/>
        <net name="toplevel_DCT_inst/dct_8x8_mac_inst/cosLUT_mk[7]"/>
        <net name="toplevel_DCT_inst/dct_8x8_mac_inst/cosLUT_mk[6]"/>
        <net name="toplevel_DCT_inst/dct_8x8_mac_inst/cosLUT_mk[5]"/>
        <net name="toplevel_DCT_inst/dct_8x8_mac_inst/cosLUT_mk[4]"/>
        <net name="toplevel_DCT_inst/dct_8x8_mac_inst/cosLUT_mk[3]"/>
        <net name="toplevel_DCT_inst/dct_8x8_mac_inst/cosLUT_mk[2]"/>
        <net name="toplevel_DCT_inst/dct_8x8_mac_inst/cosLUT_mk[1]"/>
        <net name="toplevel_DCT_inst/dct_8x8_mac_inst/cosLUT_mk[0]"/>
      </nets>
    </probe>
    <probe type="ila_data" busType="bus" source="netlist" spec="ILA_DATA_V2_RT">
      <probeOptions Id="DebugProbeParams">
        <Option Id="DISPLAY_AS_ENUM" value="1"/>
        <Option Id="DISPLAY_HINT" value=""/>
        <Option Id="DISPLAY_RADIX" value="HEX"/>
        <Option Id="DISPLAY_VISIBILITY" value=""/>
        <Option Id="HW_ILA" value="hw_ila_1"/>
        <Option Id="LINK_TO_WAVEFORM" value="1"/>
        <Option Id="MAP" value="probe9[8:0]"/>
        <Option Id="NAME.CUSTOM" value=""/>
        <Option Id="NAME.SELECT" value="Long"/>
        <Option Id="SOURCE" value="netlist"/>
        <Option Id="WAVEFORM_STYLE" value="Digital"/>
      </probeOptions>
      <nets>
        <net name="toplevel_DCT_inst/dct_8x8_mac_inst/cosLUT_nl[8]"/>
        <net name="toplevel_DCT_inst/dct_8x8_mac_inst/cosLUT_nl[7]"/>
        <net name="toplevel_DCT_inst/dct_8x8_mac_inst/cosLUT_nl[6]"/>
        <net name="toplevel_DCT_inst/dct_8x8_mac_inst/cosLUT_nl[5]"/>
        <net name="toplevel_DCT_inst/dct_8x8_mac_inst/cosLUT_nl[4]"/>
        <net name="toplevel_DCT_inst/dct_8x8_mac_inst/cosLUT_nl[3]"/>
        <net name="toplevel_DCT_inst/dct_8x8_mac_inst/cosLUT_nl[2]"/>
        <net name="toplevel_DCT_inst/dct_8x8_mac_inst/cosLUT_nl[1]"/>
        <net name="toplevel_DCT_inst/dct_8x8_mac_inst/cosLUT_nl[0]"/>
      </nets>
    </probe>
    <probe type="ila" busType="net" source="netlist" spec="ILA_V2_RT">
      <probeOptions Id="DebugProbeParams">
        <Option Id="CAPTURE_COMPARE_VALUE" value="eq1&apos;bX"/>
        <Option Id="COMPARE_VALUE.0" value="eq1&apos;bX"/>
        <Option Id="DISPLAY_AS_ENUM" value="1"/>
        <Option Id="DISPLAY_HINT" value=""/>
        <Option Id="DISPLAY_RADIX" value="HEX"/>
        <Option Id="DISPLAY_VISIBILITY" value=""/>
        <Option Id="HW_ILA" value="hw_ila_1"/>
        <Option Id="LINK_TO_WAVEFORM" value="1"/>
        <Option Id="MAP" value="probe11[0]"/>
        <Option Id="NAME.CUSTOM" value=""/>
        <Option Id="NAME.SELECT" value="Long"/>
        <Option Id="SOURCE" value="netlist"/>
        <Option Id="TRIGGER_COMPARE_VALUE" value="eq1&apos;bX"/>
        <Option Id="WAVEFORM_STYLE" value="Digital"/>
      </probeOptions>
      <nets>
        <net name="toplevel_DCT_inst/dct_8x8_mac_inst/in_valid"/>
      </nets>
    </probe>
    <probe type="ila_data" busType="bus" source="netlist" spec="ILA_DATA_V2_RT">
      <probeOptions Id="DebugProbeParams">
        <Option Id="DISPLAY_AS_ENUM" value="1"/>
        <Option Id="DISPLAY_HINT" value=""/>
        <Option Id="DISPLAY_RADIX" value="UNSIGNED"/>
        <Option Id="DISPLAY_VISIBILITY" value=""/>
        <Option Id="HW_ILA" value="hw_ila_1"/>
        <Option Id="LINK_TO_WAVEFORM" value="1"/>
        <Option Id="MAP" value="probe6[2:0]"/>
        <Option Id="NAME.CUSTOM" value=""/>
        <Option Id="NAME.SELECT" value="Long"/>
        <Option Id="SOURCE" value="netlist"/>
        <Option Id="WAVEFORM_STYLE" value="Digital"/>
      </probeOptions>
      <nets>
        <net name="toplevel_DCT_inst/dct_8x8_mac_inst/k_reg[2]"/>
        <net name="toplevel_DCT_inst/dct_8x8_mac_inst/k_reg[1]"/>
        <net name="toplevel_DCT_inst/dct_8x8_mac_inst/k_reg[0]"/>
      </nets>
    </probe>
    <probe type="ila_data" busType="bus" source="netlist" spec="ILA_DATA_V2_RT">
      <probeOptions Id="DebugProbeParams">
        <Option Id="DISPLAY_AS_ENUM" value="1"/>
        <Option Id="DISPLAY_HINT" value=""/>
        <Option Id="DISPLAY_RADIX" value="UNSIGNED"/>
        <Option Id="DISPLAY_VISIBILITY" value=""/>
        <Option Id="HW_ILA" value="hw_ila_1"/>
        <Option Id="LINK_TO_WAVEFORM" value="1"/>
        <Option Id="MAP" value="probe5[2:0]"/>
        <Option Id="NAME.CUSTOM" value=""/>
        <Option Id="NAME.SELECT" value="Long"/>
        <Option Id="SOURCE" value="netlist"/>
        <Option Id="WAVEFORM_STYLE" value="Digital"/>
      </probeOptions>
      <nets>
        <net name="toplevel_DCT_inst/dct_8x8_mac_inst/l_reg[2]"/>
        <net name="toplevel_DCT_inst/dct_8x8_mac_inst/l_reg[1]"/>
        <net name="toplevel_DCT_inst/dct_8x8_mac_inst/l_reg[0]"/>
      </nets>
    </probe>
    <probe type="ila_data" busType="bus" source="netlist" spec="ILA_DATA_V2_RT">
      <probeOptions Id="DebugProbeParams">
        <Option Id="DISPLAY_AS_ENUM" value="1"/>
        <Option Id="DISPLAY_HINT" value=""/>
        <Option Id="DISPLAY_RADIX" value="UNSIGNED"/>
        <Option Id="DISPLAY_VISIBILITY" value=""/>
        <Option Id="HW_ILA" value="hw_ila_1"/>
        <Option Id="LINK_TO_WAVEFORM" value="1"/>
        <Option Id="MAP" value="probe4[2:0]"/>
        <Option Id="NAME.CUSTOM" value=""/>
        <Option Id="NAME.SELECT" value="Long"/>
        <Option Id="SOURCE" value="netlist"/>
        <Option Id="WAVEFORM_STYLE" value="Digital"/>
      </probeOptions>
      <nets>
        <net name="toplevel_DCT_inst/dct_8x8_mac_inst/m_reg[2]"/>
        <net name="toplevel_DCT_inst/dct_8x8_mac_inst/m_reg[1]"/>
        <net name="toplevel_DCT_inst/dct_8x8_mac_inst/m_reg[0]"/>
      </nets>
    </probe>
    <probe type="ila_data" busType="bus" source="netlist" spec="ILA_DATA_V2_RT">
      <probeOptions Id="DebugProbeParams">
        <Option Id="DISPLAY_AS_ENUM" value="1"/>
        <Option Id="DISPLAY_HINT" value=""/>
        <Option Id="DISPLAY_RADIX" value="HEX"/>
        <Option Id="DISPLAY_VISIBILITY" value=""/>
        <Option Id="HW_ILA" value="hw_ila_1"/>
        <Option Id="LINK_TO_WAVEFORM" value="1"/>
        <Option Id="MAP" value="probe3[17:0]"/>
        <Option Id="NAME.CUSTOM" value=""/>
        <Option Id="NAME.SELECT" value="Long"/>
        <Option Id="SOURCE" value="netlist"/>
        <Option Id="WAVEFORM_STYLE" value="Digital"/>
      </probeOptions>
      <nets>
        <net name="toplevel_DCT_inst/dct_8x8_mac_inst/mult_LUT[17]"/>
        <net name="toplevel_DCT_inst/dct_8x8_mac_inst/mult_LUT[16]"/>
        <net name="toplevel_DCT_inst/dct_8x8_mac_inst/mult_LUT[15]"/>
        <net name="toplevel_DCT_inst/dct_8x8_mac_inst/mult_LUT[14]"/>
        <net name="toplevel_DCT_inst/dct_8x8_mac_inst/mult_LUT[13]"/>
        <net name="toplevel_DCT_inst/dct_8x8_mac_inst/mult_LUT[12]"/>
        <net name="toplevel_DCT_inst/dct_8x8_mac_inst/mult_LUT[11]"/>
        <net name="toplevel_DCT_inst/dct_8x8_mac_inst/mult_LUT[10]"/>
        <net name="toplevel_DCT_inst/dct_8x8_mac_inst/mult_LUT[9]"/>
        <net name="toplevel_DCT_inst/dct_8x8_mac_inst/mult_LUT[8]"/>
        <net name="toplevel_DCT_inst/dct_8x8_mac_inst/mult_LUT[7]"/>
        <net name="toplevel_DCT_inst/dct_8x8_mac_inst/mult_LUT[6]"/>
        <net name="toplevel_DCT_inst/dct_8x8_mac_inst/mult_LUT[5]"/>
        <net name="toplevel_DCT_inst/dct_8x8_mac_inst/mult_LUT[4]"/>
        <net name="toplevel_DCT_inst/dct_8x8_mac_inst/mult_LUT[3]"/>
        <net name="toplevel_DCT_inst/dct_8x8_mac_inst/mult_LUT[2]"/>
        <net name="toplevel_DCT_inst/dct_8x8_mac_inst/mult_LUT[1]"/>
        <net name="toplevel_DCT_inst/dct_8x8_mac_inst/mult_LUT[0]"/>
      </nets>
    </probe>
    <probe type="ila_data" busType="bus" source="netlist" spec="ILA_DATA_V2_RT">
      <probeOptions Id="DebugProbeParams">
        <Option Id="DISPLAY_AS_ENUM" value="1"/>
        <Option Id="DISPLAY_HINT" value=""/>
        <Option Id="DISPLAY_RADIX" value="HEX"/>
        <Option Id="DISPLAY_VISIBILITY" value=""/>
        <Option Id="HW_ILA" value="hw_ila_1"/>
        <Option Id="LINK_TO_WAVEFORM" value="1"/>
        <Option Id="MAP" value="probe2[25:0]"/>
        <Option Id="NAME.CUSTOM" value=""/>
        <Option Id="NAME.SELECT" value="Long"/>
        <Option Id="SOURCE" value="netlist"/>
        <Option Id="WAVEFORM_STYLE" value="Digital"/>
      </probeOptions>
      <nets>
        <net name="toplevel_DCT_inst/dct_8x8_mac_inst/mult_pixel[25]"/>
        <net name="toplevel_DCT_inst/dct_8x8_mac_inst/mult_pixel[24]"/>
        <net name="toplevel_DCT_inst/dct_8x8_mac_inst/mult_pixel[23]"/>
        <net name="toplevel_DCT_inst/dct_8x8_mac_inst/mult_pixel[22]"/>
        <net name="toplevel_DCT_inst/dct_8x8_mac_inst/mult_pixel[21]"/>
        <net name="toplevel_DCT_inst/dct_8x8_mac_inst/mult_pixel[20]"/>
        <net name="toplevel_DCT_inst/dct_8x8_mac_inst/mult_pixel[19]"/>
        <net name="toplevel_DCT_inst/dct_8x8_mac_inst/mult_pixel[18]"/>
        <net name="toplevel_DCT_inst/dct_8x8_mac_inst/mult_pixel[17]"/>
        <net name="toplevel_DCT_inst/dct_8x8_mac_inst/mult_pixel[16]"/>
        <net name="toplevel_DCT_inst/dct_8x8_mac_inst/mult_pixel[15]"/>
        <net name="toplevel_DCT_inst/dct_8x8_mac_inst/mult_pixel[14]"/>
        <net name="toplevel_DCT_inst/dct_8x8_mac_inst/mult_pixel[13]"/>
        <net name="toplevel_DCT_inst/dct_8x8_mac_inst/mult_pixel[12]"/>
        <net name="toplevel_DCT_inst/dct_8x8_mac_inst/mult_pixel[11]"/>
        <net name="toplevel_DCT_inst/dct_8x8_mac_inst/mult_pixel[10]"/>
        <net name="toplevel_DCT_inst/dct_8x8_mac_inst/mult_pixel[9]"/>
        <net name="toplevel_DCT_inst/dct_8x8_mac_inst/mult_pixel[8]"/>
        <net name="toplevel_DCT_inst/dct_8x8_mac_inst/mult_pixel[7]"/>
        <net name="toplevel_DCT_inst/dct_8x8_mac_inst/mult_pixel[6]"/>
        <net name="toplevel_DCT_inst/dct_8x8_mac_inst/mult_pixel[5]"/>
        <net name="toplevel_DCT_inst/dct_8x8_mac_inst/mult_pixel[4]"/>
        <net name="toplevel_DCT_inst/dct_8x8_mac_inst/mult_pixel[3]"/>
        <net name="toplevel_DCT_inst/dct_8x8_mac_inst/mult_pixel[2]"/>
        <net name="toplevel_DCT_inst/dct_8x8_mac_inst/mult_pixel[1]"/>
        <net name="toplevel_DCT_inst/dct_8x8_mac_inst/mult_pixel[0]"/>
      </nets>
    </probe>
    <probe type="ila_data" busType="bus" source="netlist" spec="ILA_DATA_V2_RT">
      <probeOptions Id="DebugProbeParams">
        <Option Id="DISPLAY_AS_ENUM" value="1"/>
        <Option Id="DISPLAY_HINT" value=""/>
        <Option Id="DISPLAY_RADIX" value="UNSIGNED"/>
        <Option Id="DISPLAY_VISIBILITY" value=""/>
        <Option Id="HW_ILA" value="hw_ila_1"/>
        <Option Id="LINK_TO_WAVEFORM" value="1"/>
        <Option Id="MAP" value="probe1[2:0]"/>
        <Option Id="NAME.CUSTOM" value=""/>
        <Option Id="NAME.SELECT" value="Long"/>
        <Option Id="SOURCE" value="netlist"/>
        <Option Id="WAVEFORM_STYLE" value="Digital"/>
      </probeOptions>
      <nets>
        <net name="toplevel_DCT_inst/dct_8x8_mac_inst/n_reg[2]"/>
        <net name="toplevel_DCT_inst/dct_8x8_mac_inst/n_reg[1]"/>
        <net name="toplevel_DCT_inst/dct_8x8_mac_inst/n_reg[0]"/>
      </nets>
    </probe>
    <probe type="ila_data" busType="bus" source="netlist" spec="ILA_DATA_V2_RT">
      <probeOptions Id="DebugProbeParams">
        <Option Id="DISPLAY_AS_ENUM" value="1"/>
        <Option Id="DISPLAY_HINT" value=""/>
        <Option Id="DISPLAY_RADIX" value="UNSIGNED"/>
        <Option Id="DISPLAY_VISIBILITY" value=""/>
        <Option Id="HW_ILA" value="hw_ila_1"/>
        <Option Id="LINK_TO_WAVEFORM" value="1"/>
        <Option Id="MAP" value="probe0[7:0]"/>
        <Option Id="NAME.CUSTOM" value=""/>
        <Option Id="NAME.SELECT" value="Long"/>
        <Option Id="SOURCE" value="netlist"/>
        <Option Id="WAVEFORM_STYLE" value="Digital"/>
      </probeOptions>
      <nets>
        <net name="toplevel_DCT_inst/dct_8x8_mac_inst/pixel_s2_reg[7]"/>
        <net name="toplevel_DCT_inst/dct_8x8_mac_inst/pixel_s2_reg[6]"/>
        <net name="toplevel_DCT_inst/dct_8x8_mac_inst/pixel_s2_reg[5]"/>
        <net name="toplevel_DCT_inst/dct_8x8_mac_inst/pixel_s2_reg[4]"/>
        <net name="toplevel_DCT_inst/dct_8x8_mac_inst/pixel_s2_reg[3]"/>
        <net name="toplevel_DCT_inst/dct_8x8_mac_inst/pixel_s2_reg[2]"/>
        <net name="toplevel_DCT_inst/dct_8x8_mac_inst/pixel_s2_reg[1]"/>
        <net name="toplevel_DCT_inst/dct_8x8_mac_inst/pixel_s2_reg[0]"/>
      </nets>
    </probe>
    <probe type="ila" busType="net" source="netlist" spec="ILA_V2_RT">
      <probeOptions Id="DebugProbeParams">
        <Option Id="CAPTURE_COMPARE_VALUE" value="eq32&apos;hXXXX_XXXX"/>
        <Option Id="COMPARE_VALUE.0" value="eq32&apos;hXXXX_XXXX"/>
        <Option Id="DISPLAY_AS_ENUM" value="1"/>
        <Option Id="DISPLAY_HINT" value=""/>
        <Option Id="DISPLAY_RADIX" value="HEX"/>
        <Option Id="DISPLAY_VISIBILITY" value=""/>
        <Option Id="HW_ILA" value="hw_ila_1"/>
        <Option Id="LINK_TO_WAVEFORM" value="1"/>
        <Option Id="MAP" value="probe0[31:0]"/>
        <Option Id="NAME.CUSTOM" value=""/>
        <Option Id="NAME.SELECT" value="Long"/>
        <Option Id="SOURCE" value="netlist"/>
        <Option Id="TRIGGER_COMPARE_VALUE" value="eq32&apos;hXXXX_XXXX"/>
        <Option Id="WAVEFORM_STYLE" value="Digital"/>
      </probeOptions>
      <nets>
        <net name="toplevel_DCT_inst/dct_8x8_mac_inst/sum_reg[31]"/>
        <net name="toplevel_DCT_inst/dct_8x8_mac_inst/sum_reg[30]"/>
        <net name="toplevel_DCT_inst/dct_8x8_mac_inst/sum_reg[29]"/>
        <net name="toplevel_DCT_inst/dct_8x8_mac_inst/sum_reg[28]"/>
        <net name="toplevel_DCT_inst/dct_8x8_mac_inst/sum_reg[27]"/>
        <net name="toplevel_DCT_inst/dct_8x8_mac_inst/sum_reg[26]"/>
        <net name="toplevel_DCT_inst/dct_8x8_mac_inst/sum_reg[25]"/>
        <net name="toplevel_DCT_inst/dct_8x8_mac_inst/sum_reg[24]"/>
        <net name="toplevel_DCT_inst/dct_8x8_mac_inst/sum_reg[23]"/>
        <net name="toplevel_DCT_inst/dct_8x8_mac_inst/sum_reg[22]"/>
        <net name="toplevel_DCT_inst/dct_8x8_mac_inst/sum_reg[21]"/>
        <net name="toplevel_DCT_inst/dct_8x8_mac_inst/sum_reg[20]"/>
        <net name="toplevel_DCT_inst/dct_8x8_mac_inst/sum_reg[19]"/>
        <net name="toplevel_DCT_inst/dct_8x8_mac_inst/sum_reg[18]"/>
        <net name="toplevel_DCT_inst/dct_8x8_mac_inst/sum_reg[17]"/>
        <net name="toplevel_DCT_inst/dct_8x8_mac_inst/sum_reg[16]"/>
        <net name="toplevel_DCT_inst/dct_8x8_mac_inst/sum_reg[15]"/>
        <net name="toplevel_DCT_inst/dct_8x8_mac_inst/sum_reg[14]"/>
        <net name="toplevel_DCT_inst/dct_8x8_mac_inst/sum_reg[13]"/>
        <net name="toplevel_DCT_inst/dct_8x8_mac_inst/sum_reg[12]"/>
        <net name="toplevel_DCT_inst/dct_8x8_mac_inst/sum_reg[11]"/>
        <net name="toplevel_DCT_inst/dct_8x8_mac_inst/sum_reg[10]"/>
        <net name="toplevel_DCT_inst/dct_8x8_mac_inst/sum_reg[9]"/>
        <net name="toplevel_DCT_inst/dct_8x8_mac_inst/sum_reg[8]"/>
        <net name="toplevel_DCT_inst/dct_8x8_mac_inst/sum_reg[7]"/>
        <net name="toplevel_DCT_inst/dct_8x8_mac_inst/sum_reg[6]"/>
        <net name="toplevel_DCT_inst/dct_8x8_mac_inst/sum_reg[5]"/>
        <net name="toplevel_DCT_inst/dct_8x8_mac_inst/sum_reg[4]"/>
        <net name="toplevel_DCT_inst/dct_8x8_mac_inst/sum_reg[3]"/>
        <net name="toplevel_DCT_inst/dct_8x8_mac_inst/sum_reg[2]"/>
        <net name="toplevel_DCT_inst/dct_8x8_mac_inst/sum_reg[1]"/>
        <net name="toplevel_DCT_inst/dct_8x8_mac_inst/sum_reg[0]"/>
      </nets>
    </probe>
    <probe type="ila" busType="net" source="netlist" spec="ILA_V2_RT">
      <probeOptions Id="DebugProbeParams">
        <Option Id="CAPTURE_COMPARE_VALUE" value="eq1&apos;bX"/>
        <Option Id="COMPARE_VALUE.0" value="eq1&apos;bX"/>
        <Option Id="DISPLAY_AS_ENUM" value="1"/>
        <Option Id="DISPLAY_HINT" value=""/>
        <Option Id="DISPLAY_RADIX" value="HEX"/>
        <Option Id="DISPLAY_VISIBILITY" value=""/>
        <Option Id="HW_ILA" value="hw_ila_2"/>
        <Option Id="LINK_TO_WAVEFORM" value="1"/>
        <Option Id="MAP" value="probe1[0]"/>
        <Option Id="NAME.CUSTOM" value=""/>
        <Option Id="NAME.SELECT" value="Long"/>
        <Option Id="SOURCE" value="netlist"/>
        <Option Id="TRIGGER_COMPARE_VALUE" value="eq1&apos;bX"/>
        <Option Id="WAVEFORM_STYLE" value="Digital"/>
      </probeOptions>
      <nets>
        <net name="toplevel_DCT_inst/dct_8x8_mac_inst/valid_load_mac_wire"/>
      </nets>
    </probe>
    <probe type="ila" busType="net" source="netlist" spec="ILA_V2_RT">
      <probeOptions Id="DebugProbeParams">
        <Option Id="CAPTURE_COMPARE_VALUE" value="eq1&apos;bX"/>
        <Option Id="COMPARE_VALUE.0" value="eq1&apos;bX"/>
        <Option Id="DISPLAY_AS_ENUM" value="1"/>
        <Option Id="DISPLAY_HINT" value=""/>
        <Option Id="DISPLAY_RADIX" value="HEX"/>
        <Option Id="DISPLAY_VISIBILITY" value=""/>
        <Option Id="HW_ILA" value="hw_ila_1"/>
        <Option Id="LINK_TO_WAVEFORM" value="1"/>
        <Option Id="MAP" value="probe5[0]"/>
        <Option Id="NAME.CUSTOM" value=""/>
        <Option Id="NAME.SELECT" value="Long"/>
        <Option Id="SOURCE" value="netlist"/>
        <Option Id="TRIGGER_COMPARE_VALUE" value="eq1&apos;bX"/>
        <Option Id="WAVEFORM_STYLE" value="Digital"/>
      </probeOptions>
      <nets>
        <net name="toplevel_DCT_inst/valid_load_mac_wire"/>
      </nets>
    </probe>
    <probe type="ila" busType="net" source="netlist" spec="ILA_V2_RT">
      <probeOptions Id="DebugProbeParams">
        <Option Id="CAPTURE_COMPARE_VALUE" value="eq1&apos;bX"/>
        <Option Id="COMPARE_VALUE.0" value="eq1&apos;bX"/>
        <Option Id="DISPLAY_AS_ENUM" value="1"/>
        <Option Id="DISPLAY_HINT" value=""/>
        <Option Id="DISPLAY_RADIX" value="HEX"/>
        <Option Id="DISPLAY_VISIBILITY" value=""/>
        <Option Id="HW_ILA" value="hw_ila_1"/>
        <Option Id="LINK_TO_WAVEFORM" value="1"/>
        <Option Id="MAP" value="probe1[0]"/>
        <Option Id="NAME.CUSTOM" value=""/>
        <Option Id="NAME.SELECT" value="Long"/>
        <Option Id="SOURCE" value="netlist"/>
        <Option Id="TRIGGER_COMPARE_VALUE" value="eq1&apos;bX"/>
        <Option Id="WAVEFORM_STYLE" value="Digital"/>
      </probeOptions>
      <nets>
        <net name="u_ila_0_valid_load_mac_wire"/>
      </nets>
    </probe>
  </probeset>
</hwsession>
