<?xml version="1.0" encoding="UTF-8"?>
<GenRun Id="bram_dual_port_ip_synth_1" LaunchPart="xc7a35tcpg236-1" LaunchTime="1543280314">
  <File Type="RDS-UTIL" Name="bram_dual_port_ip_utilization_synth.rpt"/>
  <File Type="RDS-UTIL-PB" Name="bram_dual_port_ip_utilization_synth.pb"/>
  <File Type="RDS-RDS" Name="bram_dual_port_ip.vds"/>
  <File Type="RDS-DCP" Name="bram_dual_port_ip.dcp"/>
  <File Type="PA-TCL" Name="bram_dual_port_ip.tcl"/>
  <File Type="REPORTS-TCL" Name="bram_dual_port_ip_reports.tcl"/>
  <FileSet Name="sources" Type="BlockSrcs" RelSrcDir="$PSRCDIR/bram_dual_port_ip">
    <File Path="$PSRCDIR/sources_1/ip/bram_dual_port_ip/bram_dual_port_ip.xci">
      <FileInfo>
        <Attr Name="UsedIn" Val="synthesis"/>
        <Attr Name="UsedIn" Val="implementation"/>
        <Attr Name="UsedIn" Val="simulation"/>
      </FileInfo>
    </File>
    <Config>
      <Option Name="TopModule" Val="bram_dual_port_ip"/>
      <Option Name="UseBlackboxStub" Val="1"/>
    </Config>
  </FileSet>
  <FileSet Name="constrs_in" Type="BlockSrcs" RelSrcDir="$PSRCDIR/bram_dual_port_ip">
    <File Path="$PSRCDIR/sources_1/ip/bram_dual_port_ip/bram_dual_port_ip.xci">
      <FileInfo>
        <Attr Name="UsedIn" Val="synthesis"/>
        <Attr Name="UsedIn" Val="implementation"/>
        <Attr Name="UsedIn" Val="simulation"/>
      </FileInfo>
    </File>
    <Config>
      <Option Name="TopModule" Val="bram_dual_port_ip"/>
      <Option Name="UseBlackboxStub" Val="1"/>
    </Config>
  </FileSet>
  <Strategy Version="1" Minor="2">
    <StratHandle Name="Vivado Synthesis Defaults" Flow="Vivado Synthesis 2017"/>
    <Step Id="synth_design"/>
  </Strategy>
</GenRun>
